CLIENTE,CREDITO,PRODUCTO,MONTO,SUCURSAL,EJECUTIVO,TIPO,FECHA_FORMALIZACION,SUCURSAL_2,TERRITORIO,ZONA,Cliente_sibamex,TIPO_2,FileName,FileDate,ID,Week,Year,Oficina_meta,META_NUEVOS_CASOS,META_NUEVOS_MONTO,META_RECOMPRA_CASOS,META_RECOMPRA_MONTO,n_registros,MetaMonto_por_registro,MetaCasos_por_registro
87654,3168818,15105,124350.0,48,XWB,RECOMPRA,2026-03-02,48,ARCO NORTE,Zona 29,4898430,NUEVO,02-03-2026_12.xls,2026-03-02,12,10,2026,48.0,0.0,60000.0,0.0,1200000.0,1,60000.0,0.0
47547,3168890,15105,65744.0,981,RJL,RECOMPRA,2026-03-02,24,ARCO NORTE,Zona 37,9396695,RECOMPRA,02-03-2026_12.xls,2026-03-02,12,10,2026,981.0,0.0,60000.0,0.0,590000.0,1,590000.0,0.0
131800,3169048,15105,8350.0,1,TQG,NUEVO,2026-03-02,341,SUR PONIENTE,Zona 10,131800,NUEVO,02-03-2026_12.xls,2026-03-02,12,10,2026,,,,,,1,,
86178,3169064,15105,7350.0,42,ZEI,RECOMPRA,2026-03-02,42,ARCO NORTE,Zona 25,4289928,RECOMPRA,02-03-2026_12.xls,2026-03-02,12,10,2026,42.0,0.0,15000.0,0.0,470000.0,1,470000.0,0.0
131802,3169092,15105,5350.0,352,XVL,NUEVO,2026-03-02,352,SUR PONIENTE,Zona 07,131802,NUEVO,02-03-2026_12.xls,2026-03-02,12,10,2026,352.0,0.0,44000.0,0.0,395000.0,1,44000.0,0.0
87654,3168818,15105,124350.0,48,XWB,RECOMPRA,2026-03-02,48,ARCO NORTE,Zona 29,4898430,NUEVO,02-03-2026_15.xls,2026-03-02,15,10,2026,48.0,0.0,60000.0,0.0,1200000.0,1,60000.0,0.0
47547,3168890,15105,65744.0,981,RJL,RECOMPRA,2026-03-02,24,ARCO NORTE,Zona 37,9396695,RECOMPRA,02-03-2026_15.xls,2026-03-02,15,10,2026,981.0,0.0,60000.0,0.0,590000.0,4,147500.0,0.0
131800,3169048,15105,8350.0,1,TQG,NUEVO,2026-03-02,341,SUR PONIENTE,Zona 10,131800,NUEVO,02-03-2026_15.xls,2026-03-02,15,10,2026,,,,,,1,,
86178,3169064,15105,7350.0,42,ZEI,RECOMPRA,2026-03-02,42,ARCO NORTE,Zona 25,4289928,RECOMPRA,02-03-2026_15.xls,2026-03-02,15,10,2026,42.0,0.0,15000.0,0.0,470000.0,6,78333.33333333333,0.0
131802,3169092,15105,5350.0,352,XVL,NUEVO,2026-03-02,352,SUR PONIENTE,Zona 07,131802,NUEVO,02-03-2026_15.xls,2026-03-02,15,10,2026,352.0,0.0,44000.0,0.0,395000.0,1,44000.0,0.0
128870,3169100,15105,14050.0,49,QVR,RECOMPRA,2026-03-02,49,ARCO NORTE,Zona 27,4995286,RECOMPRA,02-03-2026_15.xls,2026-03-02,15,10,2026,49.0,0.0,30000.0,0.0,960000.0,4,240000.0,0.0
62967,3169128,15105,70580.0,343,TUL,RECOMPRA,2026-03-02,343,SUR PONIENTE,Zona 03,34598758,RECOMPRA,02-03-2026_15.xls,2026-03-02,15,10,2026,343.0,0.0,44000.0,0.0,769000.0,12,64083.333333333336,0.0
105167,3169146,15105,12350.0,343,FLO,RECOMPRA,2026-03-02,343,SUR PONIENTE,Zona 03,34395957,RECOMPRA,02-03-2026_15.xls,2026-03-02,15,10,2026,343.0,0.0,44000.0,0.0,769000.0,12,64083.333333333336,0.0
131804,3169160,15105,50000.0,344,WDQ,NUEVO,2026-03-02,344,SUR PONIENTE,Zona 07,131804,NUEVO,02-03-2026_15.xls,2026-03-02,15,10,2026,344.0,0.0,44000.0,0.0,712000.0,1,44000.0,0.0
55120,3169182,15105,15350.0,347,MEV,RECOMPRA,2026-03-02,347,ARCO NORTE,Zona 36,11197842,RECOMPRA,02-03-2026_15.xls,2026-03-02,15,10,2026,347.0,0.0,45000.0,0.0,550000.0,1,550000.0,0.0
68229,3169197,15105,98580.0,345,UIQ,RECOMPRA,2026-03-02,345,SUR PONIENTE,Zona 03,34594815,RECOMPRA,02-03-2026_15.xls,2026-03-02,15,10,2026,345.0,0.0,44000.0,0.0,1155000.0,7,165000.0,0.0
129073,3169255,15105,10600.0,345,VBX,RECOMPRA,2026-03-02,344,SUR PONIENTE,Zona 07,34593779,RECOMPRA,02-03-2026_15.xls,2026-03-02,15,10,2026,345.0,0.0,44000.0,0.0,1155000.0,7,165000.0,0.0
75312,3169273,15105,11350.0,566,LWK,RECOMPRA,2026-03-02,566,ARCO NORTE,Zona 32,56695052,RECOMPRA,02-03-2026_15.xls,2026-03-02,15,10,2026,566.0,0.0,90000.0,0.0,380000.0,3,126666.66666666667,0.0
39343,3169299,15105,90350.0,603,HLS,RECOMPRA,2026-03-02,603,SUR PONIENTE,Zona 04,60397177,RECOMPRA,02-03-2026_15.xls,2026-03-02,15,10,2026,603.0,0.0,44000.0,0.0,513000.0,5,102600.0,0.0
42731,3169304,15105,90350.0,48,WIZ,RECOMPRA,2026-03-02,48,ARCO NORTE,Zona 29,4897149,RECOMPRA,02-03-2026_15.xls,2026-03-02,15,10,2026,48.0,0.0,60000.0,0.0,1200000.0,2,600000.0,0.0
131805,3169319,15105,10350.0,565,YKA,NUEVO,2026-03-02,565,ARCO NORTE,Zona 32,131805,NUEVO,02-03-2026_15.xls,2026-03-02,15,10,2026,565.0,0.0,60000.0,0.0,300000.0,4,15000.0,0.0
66464,3169322,15105,9350.0,85,TWP,RECOMPRA,2026-03-02,85,SUR PONIENTE,Zona 09,8597232,RECOMPRA,02-03-2026_15.xls,2026-03-02,15,10,2026,85.0,0.0,44000.0,0.0,844000.0,4,211000.0,0.0
128656,3169331,15105,9800.0,343,JNP,RECOMPRA,2026-03-02,343,SUR PONIENTE,Zona 03,34394122,RECOMPRA,02-03-2026_15.xls,2026-03-02,15,10,2026,343.0,0.0,44000.0,0.0,769000.0,12,64083.333333333336,0.0
85301,3169361,15105,12350.0,51,PCH,RECOMPRA,2026-03-02,51,SUR PONIENTE,Zona 05,197316,RECOMPRA,02-03-2026_15.xls,2026-03-02,15,10,2026,51.0,0.0,44000.0,0.0,640000.0,5,128000.0,0.0
40306,3169371,15105,15350.0,28,YVW,RECOMPRA,2026-03-02,28,ARCO NORTE,Zona 25,1192868,RECOMPRA,02-03-2026_15.xls,2026-03-02,15,10,2026,28.0,0.0,30000.0,0.0,620000.0,1,620000.0,0.0
99651,3169428,15105,39350.0,42,ZEI,RECOMPRA,2026-03-02,42,ARCO NORTE,Zona 25,4289872,RECOMPRA,02-03-2026_15.xls,2026-03-02,15,10,2026,42.0,0.0,15000.0,0.0,470000.0,6,78333.33333333333,0.0
94180,3169432,15105,10750.0,51,PCH,RECOMPRA,2026-03-02,51,SUR PONIENTE,Zona 05,5195433,RECOMPRA,02-03-2026_15.xls,2026-03-02,15,10,2026,51.0,0.0,44000.0,0.0,640000.0,5,128000.0,0.0
99165,3169459,15105,10774.0,26,BFF,RECOMPRA,2026-03-02,26,ARCO NORTE,Zona 37,2691740,RECOMPRA,02-03-2026_15.xls,2026-03-02,15,10,2026,26.0,0.0,30000.0,0.0,280000.0,2,140000.0,0.0
131807,3169502,15110,4000.0,626,YVN,NUEVO,2026-03-02,626,SUR PONIENTE,Zona 12,131807,NUEVO,02-03-2026_15.xls,2026-03-02,15,10,2026,626.0,0.0,44000.0,0.0,291000.0,1,44000.0,0.0
126403,3169513,15105,20350.0,343,FLO,RECOMPRA,2026-03-02,343,SUR PONIENTE,Zona 03,34394320,RECOMPRA,02-03-2026_15.xls,2026-03-02,15,10,2026,343.0,0.0,44000.0,0.0,769000.0,12,64083.333333333336,0.0
44213,3169531,15105,38744.0,343,JNP,RECOMPRA,2026-03-02,343,SUR PONIENTE,Zona 03,34395397,RECOMPRA,02-03-2026_15.xls,2026-03-02,15,10,2026,343.0,0.0,44000.0,0.0,769000.0,12,64083.333333333336,0.0
101079,3169591,15105,15744.0,342,WTL,RECOMPRA,2026-03-02,342,SUR PONIENTE,Zona 03,34293579,RECOMPRA,02-03-2026_15.xls,2026-03-02,15,10,2026,342.0,0.0,44000.0,0.0,971000.0,9,107888.88888888889,0.0
124944,3169613,15105,15000.0,342,YFH,RECOMPRA,2026-03-02,342,SUR PONIENTE,Zona 03,34293008,RECOMPRA,02-03-2026_15.xls,2026-03-02,15,10,2026,342.0,0.0,44000.0,0.0,971000.0,9,107888.88888888889,0.0
126107,3169628,15105,20350.0,344,YNB,RECOMPRA,2026-03-02,344,SUR PONIENTE,Zona 07,34496367,RECOMPRA,02-03-2026_15.xls,2026-03-02,15,10,2026,344.0,0.0,44000.0,0.0,712000.0,5,142400.0,0.0
54646,3169642,15105,247300.0,343,FLO,RECOMPRA,2026-03-02,343,SUR PONIENTE,Zona 03,34397480,RECOMPRA,02-03-2026_15.xls,2026-03-02,15,10,2026,343.0,0.0,44000.0,0.0,769000.0,12,64083.333333333336,0.0
131812,3169660,15105,50000.0,45,DFR,NUEVO,2026-03-02,114,ARCO NORTE,Zona 33,131812,NUEVO,02-03-2026_15.xls,2026-03-02,15,10,2026,45.0,0.0,60000.0,0.0,670000.0,1,60000.0,0.0
57459,3169677,15105,23000.0,981,YWU,RECOMPRA,2026-03-02,981,ARCO NORTE,Zona 34,98196915,RECOMPRA,02-03-2026_15.xls,2026-03-02,15,10,2026,981.0,0.0,60000.0,0.0,590000.0,4,147500.0,0.0
48855,3169682,15105,12350.0,42,ZEI,RECOMPRA,2026-03-02,42,ARCO NORTE,Zona 25,4291236,NUEVO,02-03-2026_15.xls,2026-03-02,15,10,2026,42.0,0.0,15000.0,0.0,470000.0,1,15000.0,0.0
78341,3169704,15105,7574.0,342,XKV,RECOMPRA,2026-03-02,342,SUR PONIENTE,Zona 03,34293340,RECOMPRA,02-03-2026_15.xls,2026-03-02,15,10,2026,342.0,0.0,44000.0,0.0,971000.0,9,107888.88888888889,0.0
42837,3169719,15105,20350.0,42,YMU,RECOMPRA,2026-03-02,42,ARCO NORTE,Zona 25,4293997,RECOMPRA,02-03-2026_15.xls,2026-03-02,15,10,2026,42.0,0.0,15000.0,0.0,470000.0,6,78333.33333333333,0.0
87654,3168818,15105,124350.0,48,XWB,RECOMPRA,2026-03-02,48,ARCO NORTE,Zona 29,4898430,NUEVO,02-03-2026_18.xls,2026-03-02,18,10,2026,48.0,0.0,60000.0,0.0,1200000.0,1,60000.0,0.0
47547,3168890,15105,65744.0,981,RJL,RECOMPRA,2026-03-02,24,ARCO NORTE,Zona 37,9396695,RECOMPRA,02-03-2026_18.xls,2026-03-02,18,10,2026,981.0,0.0,60000.0,0.0,590000.0,6,98333.33333333333,0.0
131800,3169048,15105,8350.0,1,TQG,NUEVO,2026-03-02,341,SUR PONIENTE,Zona 10,131800,NUEVO,02-03-2026_18.xls,2026-03-02,18,10,2026,,,,,,1,,
86178,3169064,15105,7350.0,42,ZEI,RECOMPRA,2026-03-02,42,ARCO NORTE,Zona 25,4289928,RECOMPRA,02-03-2026_18.xls,2026-03-02,18,10,2026,42.0,0.0,15000.0,0.0,470000.0,9,52222.22222222222,0.0
131802,3169092,15105,5350.0,352,XVL,NUEVO,2026-03-02,352,SUR PONIENTE,Zona 07,131802,NUEVO,02-03-2026_18.xls,2026-03-02,18,10,2026,352.0,0.0,44000.0,0.0,395000.0,1,44000.0,0.0
128870,3169100,15105,14050.0,49,QVR,RECOMPRA,2026-03-02,49,ARCO NORTE,Zona 27,4995286,RECOMPRA,02-03-2026_18.xls,2026-03-02,18,10,2026,49.0,0.0,30000.0,0.0,960000.0,7,137142.85714285713,0.0
62967,3169128,15105,70580.0,343,TUL,RECOMPRA,2026-03-02,343,SUR PONIENTE,Zona 03,34598758,RECOMPRA,02-03-2026_18.xls,2026-03-02,18,10,2026,343.0,0.0,44000.0,0.0,769000.0,13,59153.846153846156,0.0
105167,3169146,15105,12350.0,343,FLO,RECOMPRA,2026-03-02,343,SUR PONIENTE,Zona 03,34395957,RECOMPRA,02-03-2026_18.xls,2026-03-02,18,10,2026,343.0,0.0,44000.0,0.0,769000.0,13,59153.846153846156,0.0
131804,3169160,15105,50000.0,344,WDQ,NUEVO,2026-03-02,344,SUR PONIENTE,Zona 07,131804,NUEVO,02-03-2026_18.xls,2026-03-02,18,10,2026,344.0,0.0,44000.0,0.0,712000.0,1,44000.0,0.0
55120,3169182,15105,15350.0,347,MEV,RECOMPRA,2026-03-02,347,ARCO NORTE,Zona 36,11197842,RECOMPRA,02-03-2026_18.xls,2026-03-02,18,10,2026,347.0,0.0,45000.0,0.0,550000.0,1,550000.0,0.0
68229,3169197,15105,98580.0,345,UIQ,RECOMPRA,2026-03-02,345,SUR PONIENTE,Zona 03,34594815,RECOMPRA,02-03-2026_18.xls,2026-03-02,18,10,2026,345.0,0.0,44000.0,0.0,1155000.0,9,128333.33333333333,0.0
129073,3169255,15105,10600.0,345,VBX,RECOMPRA,2026-03-02,344,SUR PONIENTE,Zona 07,34593779,RECOMPRA,02-03-2026_18.xls,2026-03-02,18,10,2026,345.0,0.0,44000.0,0.0,1155000.0,9,128333.33333333333,0.0
75312,3169273,15105,11350.0,566,LWK,RECOMPRA,2026-03-02,566,ARCO NORTE,Zona 32,56695052,RECOMPRA,02-03-2026_18.xls,2026-03-02,18,10,2026,566.0,0.0,90000.0,0.0,380000.0,4,95000.0,0.0
39343,3169299,15105,90350.0,603,HLS,RECOMPRA,2026-03-02,603,SUR PONIENTE,Zona 04,60397177,RECOMPRA,02-03-2026_18.xls,2026-03-02,18,10,2026,603.0,0.0,44000.0,0.0,513000.0,4,128250.0,0.0
42731,3169304,15105,90350.0,48,WIZ,RECOMPRA,2026-03-02,48,ARCO NORTE,Zona 29,4897149,RECOMPRA,02-03-2026_18.xls,2026-03-02,18,10,2026,48.0,0.0,60000.0,0.0,1200000.0,2,600000.0,0.0
131805,3169319,15105,10350.0,565,YKA,NUEVO,2026-03-02,565,ARCO NORTE,Zona 32,131805,NUEVO,02-03-2026_18.xls,2026-03-02,18,10,2026,565.0,0.0,60000.0,0.0,300000.0,1,60000.0,0.0
66464,3169322,15105,9350.0,85,TWP,RECOMPRA,2026-03-02,85,SUR PONIENTE,Zona 09,8597232,RECOMPRA,02-03-2026_18.xls,2026-03-02,18,10,2026,85.0,0.0,44000.0,0.0,844000.0,8,105500.0,0.0
128656,3169331,15105,9800.0,343,JNP,RECOMPRA,2026-03-02,343,SUR PONIENTE,Zona 03,34394122,RECOMPRA,02-03-2026_18.xls,2026-03-02,18,10,2026,343.0,0.0,44000.0,0.0,769000.0,13,59153.846153846156,0.0
85301,3169361,15105,12350.0,51,PCH,RECOMPRA,2026-03-02,51,SUR PONIENTE,Zona 05,197316,RECOMPRA,02-03-2026_18.xls,2026-03-02,18,10,2026,51.0,0.0,44000.0,0.0,640000.0,8,80000.0,0.0
40306,3169371,15105,15350.0,28,YVW,RECOMPRA,2026-03-02,28,ARCO NORTE,Zona 25,1192868,RECOMPRA,02-03-2026_18.xls,2026-03-02,18,10,2026,28.0,0.0,30000.0,0.0,620000.0,2,310000.0,0.0
99651,3169428,15105,39350.0,42,ZEI,RECOMPRA,2026-03-02,42,ARCO NORTE,Zona 25,4289872,RECOMPRA,02-03-2026_18.xls,2026-03-02,18,10,2026,42.0,0.0,15000.0,0.0,470000.0,9,52222.22222222222,0.0
94180,3169432,15105,10750.0,51,PCH,RECOMPRA,2026-03-02,51,SUR PONIENTE,Zona 05,5195433,RECOMPRA,02-03-2026_18.xls,2026-03-02,18,10,2026,51.0,0.0,44000.0,0.0,640000.0,8,80000.0,0.0
99165,3169459,15105,10774.0,26,BFF,RECOMPRA,2026-03-02,26,ARCO NORTE,Zona 37,2691740,RECOMPRA,02-03-2026_18.xls,2026-03-02,18,10,2026,26.0,0.0,30000.0,0.0,280000.0,3,93333.33333333333,0.0
131807,3169502,15110,4000.0,626,YVN,NUEVO,2026-03-02,626,SUR PONIENTE,Zona 12,131807,NUEVO,02-03-2026_18.xls,2026-03-02,18,10,2026,626.0,0.0,44000.0,0.0,291000.0,1,44000.0,0.0
126403,3169513,15105,20350.0,343,FLO,RECOMPRA,2026-03-02,343,SUR PONIENTE,Zona 03,34394320,RECOMPRA,02-03-2026_18.xls,2026-03-02,18,10,2026,343.0,0.0,44000.0,0.0,769000.0,13,59153.846153846156,0.0
44213,3169531,15105,38744.0,343,JNP,RECOMPRA,2026-03-02,343,SUR PONIENTE,Zona 03,34395397,RECOMPRA,02-03-2026_18.xls,2026-03-02,18,10,2026,343.0,0.0,44000.0,0.0,769000.0,13,59153.846153846156,0.0
101079,3169591,15105,15744.0,342,WTL,RECOMPRA,2026-03-02,342,SUR PONIENTE,Zona 03,34293579,RECOMPRA,02-03-2026_18.xls,2026-03-02,18,10,2026,342.0,0.0,44000.0,0.0,971000.0,9,107888.88888888889,0.0
124944,3169613,15105,15000.0,342,YFH,RECOMPRA,2026-03-02,342,SUR PONIENTE,Zona 03,34293008,RECOMPRA,02-03-2026_18.xls,2026-03-02,18,10,2026,342.0,0.0,44000.0,0.0,971000.0,9,107888.88888888889,0.0
126107,3169628,15105,20350.0,344,YNB,RECOMPRA,2026-03-02,344,SUR PONIENTE,Zona 07,34496367,RECOMPRA,02-03-2026_18.xls,2026-03-02,18,10,2026,344.0,0.0,44000.0,0.0,712000.0,4,178000.0,0.0
54646,3169642,15105,247300.0,343,FLO,RECOMPRA,2026-03-02,343,SUR PONIENTE,Zona 03,34397480,RECOMPRA,02-03-2026_18.xls,2026-03-02,18,10,2026,343.0,0.0,44000.0,0.0,769000.0,13,59153.846153846156,0.0
131812,3169660,15105,50000.0,45,DFR,NUEVO,2026-03-02,114,ARCO NORTE,Zona 33,131812,NUEVO,02-03-2026_18.xls,2026-03-02,18,10,2026,45.0,0.0,60000.0,0.0,670000.0,1,60000.0,0.0
57459,3169677,15105,23000.0,981,YWU,RECOMPRA,2026-03-02,981,ARCO NORTE,Zona 34,98196915,RECOMPRA,02-03-2026_18.xls,2026-03-02,18,10,2026,981.0,0.0,60000.0,0.0,590000.0,6,98333.33333333333,0.0
48855,3169682,15105,12350.0,42,ZEI,RECOMPRA,2026-03-02,42,ARCO NORTE,Zona 25,4291236,NUEVO,02-03-2026_18.xls,2026-03-02,18,10,2026,42.0,0.0,15000.0,0.0,470000.0,1,15000.0,0.0
78341,3169704,15105,7574.0,342,XKV,RECOMPRA,2026-03-02,342,SUR PONIENTE,Zona 03,34293340,RECOMPRA,02-03-2026_18.xls,2026-03-02,18,10,2026,342.0,0.0,44000.0,0.0,971000.0,9,107888.88888888889,0.0
42837,3169719,15105,20350.0,42,YMU,RECOMPRA,2026-03-02,42,ARCO NORTE,Zona 25,4293997,RECOMPRA,02-03-2026_18.xls,2026-03-02,18,10,2026,42.0,0.0,15000.0,0.0,470000.0,9,52222.22222222222,0.0
52348,3169728,15105,24580.0,343,TUL,RECOMPRA,2026-03-02,343,SUR PONIENTE,Zona 03,34598054,RECOMPRA,02-03-2026_18.xls,2026-03-02,18,10,2026,343.0,0.0,44000.0,0.0,769000.0,13,59153.846153846156,0.0
89558,3169742,15105,10350.0,1,TJY,RECOMPRA,2026-03-02,55,SUR PONIENTE,Zona 11,5594697,RECOMPRA,02-03-2026_18.xls,2026-03-02,18,10,2026,,,,,,7,,
115748,3169753,15105,15774.0,26,BFF,RECOMPRA,2026-03-02,26,ARCO NORTE,Zona 37,2691982,RECOMPRA,02-03-2026_18.xls,2026-03-02,18,10,2026,26.0,0.0,30000.0,0.0,280000.0,3,93333.33333333333,0.0
55344,3169786,15105,60744.0,626,YVN,RECOMPRA,2026-03-02,626,SUR PONIENTE,Zona 12,62698561,RECOMPRA,02-03-2026_18.xls,2026-03-02,18,10,2026,626.0,0.0,44000.0,0.0,291000.0,2,145500.0,0.0
84790,3169791,15105,51939.0,565,XEH,RECOMPRA,2026-03-02,565,ARCO NORTE,Zona 32,56598471,RECOMPRA,02-03-2026_18.xls,2026-03-02,18,10,2026,565.0,0.0,60000.0,0.0,300000.0,2,150000.0,0.0
124842,3169804,15105,25580.0,345,UIQ,RECOMPRA,2026-03-02,345,SUR PONIENTE,Zona 03,34598610,RECOMPRA,02-03-2026_18.xls,2026-03-02,18,10,2026,345.0,0.0,44000.0,0.0,1155000.0,9,128333.33333333333,0.0
118918,3169826,15105,40350.0,28,YVW,RECOMPRA,2026-03-02,28,ARCO NORTE,Zona 25,16099150,RECOMPRA,02-03-2026_18.xls,2026-03-02,18,10,2026,28.0,0.0,30000.0,0.0,620000.0,2,310000.0,0.0
51325,3169842,15105,24840.0,347,IZD,RECOMPRA,2026-03-02,347,ARCO NORTE,Zona 36,34795610,NUEVO,02-03-2026_18.xls,2026-03-02,18,10,2026,347.0,0.0,45000.0,0.0,550000.0,1,45000.0,0.0
64117,3169851,15105,70744.0,1,TSN,RECOMPRA,2026-03-02,604,SUR PONIENTE,Zona 04,60496489,RECOMPRA,02-03-2026_18.xls,2026-03-02,18,10,2026,,,,,,7,,
112414,3169900,15105,20350.0,566,QFX,RECOMPRA,2026-03-02,566,ARCO NORTE,Zona 32,56694023,RECOMPRA,02-03-2026_18.xls,2026-03-02,18,10,2026,566.0,0.0,90000.0,0.0,380000.0,4,95000.0,0.0
70212,3169937,15105,20350.0,561,SUD,RECOMPRA,2026-03-02,561,ARCO NORTE,Zona 35,64294797,RECOMPRA,02-03-2026_18.xls,2026-03-02,18,10,2026,561.0,0.0,45000.0,0.0,650000.0,2,325000.0,0.0
51817,3169969,15105,60350.0,114,WJA,RECOMPRA,2026-03-02,114,ARCO NORTE,Zona 33,11496623,RECOMPRA,02-03-2026_18.xls,2026-03-02,18,10,2026,114.0,0.0,75000.0,0.0,590000.0,2,295000.0,0.0
22211,3169993,15105,67350.0,1,YYQ,RECOMPRA,2026-03-02,628,ARCO NORTE,Zona 30,62896216,RECOMPRA,02-03-2026_18.xls,2026-03-02,18,10,2026,,,,,,7,,
64355,3170003,15105,21350.0,42,ZEI,RECOMPRA,2026-03-02,42,ARCO NORTE,Zona 25,4292196,RECOMPRA,02-03-2026_18.xls,2026-03-02,18,10,2026,42.0,0.0,15000.0,0.0,470000.0,9,52222.22222222222,0.0
64563,3170025,15105,33744.0,621,EFU,RECOMPRA,2026-03-02,621,ARCO NORTE,Zona 28,62399606,RECOMPRA,02-03-2026_18.xls,2026-03-02,18,10,2026,621.0,0.0,45000.0,0.0,470000.0,4,117500.0,0.0
59967,3170034,15105,200350.0,981,YDH,RECOMPRA,2026-03-02,981,ARCO NORTE,Zona 34,98194546,RECOMPRA,02-03-2026_18.xls,2026-03-02,18,10,2026,981.0,0.0,60000.0,0.0,590000.0,6,98333.33333333333,0.0
23232,3170042,15105,5350.0,51,WJX,RECOMPRA,2026-03-02,51,SUR PONIENTE,Zona 05,5495364,RECOMPRA,02-03-2026_18.xls,2026-03-02,18,10,2026,51.0,0.0,44000.0,0.0,640000.0,8,80000.0,0.0
94902,3170072,15105,33000.0,642,RNX,RECOMPRA,2026-03-02,642,ARCO NORTE,Zona 40,64294165,RECOMPRA,02-03-2026_18.xls,2026-03-02,18,10,2026,642.0,0.0,60000.0,0.0,350000.0,1,350000.0,0.0
46127,3170085,15105,59000.0,24,RJL,RECOMPRA,2026-03-02,24,ARCO NORTE,Zona 37,2489646,RECOMPRA,02-03-2026_18.xls,2026-03-02,18,10,2026,24.0,0.0,45000.0,0.0,610000.0,2,305000.0,0.0
60471,3170090,15105,40350.0,622,UYP,RECOMPRA,2026-03-02,622,ARCO NORTE,Zona 33,62296340,RECOMPRA,02-03-2026_18.xls,2026-03-02,18,10,2026,622.0,0.0,45000.0,0.0,280000.0,3,93333.33333333333,0.0
51995,3170116,15105,18350.0,625,GKD,RECOMPRA,2026-03-02,625,ARCO NORTE,Zona 39,62598585,RECOMPRA,02-03-2026_18.xls,2026-03-02,18,10,2026,625.0,0.0,30000.0,0.0,240000.0,1,240000.0,0.0
48479,3170128,15105,10350.0,55,TTG,RECOMPRA,2026-03-02,55,SUR PONIENTE,Zona 11,5599876,RECOMPRA,02-03-2026_18.xls,2026-03-02,18,10,2026,55.0,0.0,44000.0,0.0,634000.0,3,211333.33333333334,0.0
73815,3170136,15105,17850.0,41,OOJ,RECOMPRA,2026-03-02,41,ARCO NORTE,Zona 25,4189599,RECOMPRA,02-03-2026_18.xls,2026-03-02,18,10,2026,41.0,0.0,15000.0,0.0,470000.0,4,117500.0,0.0
129370,3170143,15105,7350.0,622,UYP,RECOMPRA,2026-03-02,622,ARCO NORTE,Zona 33,62296020,RECOMPRA,02-03-2026_18.xls,2026-03-02,18,10,2026,622.0,0.0,45000.0,0.0,280000.0,3,93333.33333333333,0.0
63365,3170152,15105,20350.0,623,EFU,RECOMPRA,2026-03-02,621,ARCO NORTE,Zona 28,62197668,NUEVO,02-03-2026_18.xls,2026-03-02,18,10,2026,623.0,0.0,30000.0,0.0,280000.0,1,30000.0,0.0
45600,3170229,15105,20350.0,61,YVI,RECOMPRA,2026-03-02,61,SUR PONIENTE,Zona 02,6196710,RECOMPRA,02-03-2026_18.xls,2026-03-02,18,10,2026,61.0,0.0,44000.0,0.0,443000.0,2,221500.0,0.0
83748,3170235,15105,44350.0,92,YWB,RECOMPRA,2026-03-02,92,ARCO NORTE,Zona 26,9294299,RECOMPRA,02-03-2026_18.xls,2026-03-02,18,10,2026,92.0,0.0,45000.0,0.0,270000.0,1,270000.0,0.0
48283,3170241,15105,32350.0,42,ZEI,RECOMPRA,2026-03-02,42,ARCO NORTE,Zona 25,6699678,RECOMPRA,02-03-2026_18.xls,2026-03-02,18,10,2026,42.0,0.0,15000.0,0.0,470000.0,9,52222.22222222222,0.0
50234,3170252,15105,48350.0,61,YVI,RECOMPRA,2026-03-02,61,SUR PONIENTE,Zona 02,6192931,RECOMPRA,02-03-2026_18.xls,2026-03-02,18,10,2026,61.0,0.0,44000.0,0.0,443000.0,2,221500.0,0.0
83482,3170279,15105,50351.0,131,PPW,RECOMPRA,2026-03-02,131,SUR PONIENTE,Zona 01,13193361,RECOMPRA,02-03-2026_18.xls,2026-03-02,18,10,2026,131.0,0.0,44000.0,0.0,322000.0,2,161000.0,0.0
43058,3170287,15105,100350.0,346,UKV,RECOMPRA,2026-03-02,346,ARCO NORTE,Zona 31,21194326,RECOMPRA,02-03-2026_18.xls,2026-03-02,18,10,2026,346.0,0.0,60000.0,0.0,430000.0,3,143333.33333333334,0.0
112118,3170292,15105,24350.0,563,SID,RECOMPRA,2026-03-02,563,ARCO NORTE,Zona 38,56395627,RECOMPRA,02-03-2026_18.xls,2026-03-02,18,10,2026,563.0,0.0,60000.0,0.0,400000.0,3,133333.33333333334,0.0
125715,3170302,15105,15350.0,32,VRZ,RECOMPRA,2026-03-02,32,SUR PONIENTE,Zona 08,3293941,RECOMPRA,02-03-2026_18.xls,2026-03-02,18,10,2026,32.0,0.0,44000.0,0.0,601000.0,6,100166.66666666667,0.0
128723,3170316,15105,19350.0,621,XSB,RECOMPRA,2026-03-02,621,ARCO NORTE,Zona 28,194937,RECOMPRA,02-03-2026_18.xls,2026-03-02,18,10,2026,621.0,0.0,45000.0,0.0,470000.0,4,117500.0,0.0
76327,3170341,15105,78350.0,45,WWZ,RECOMPRA,2026-03-02,45,ARCO NORTE,Zona 34,4592672,RECOMPRA,02-03-2026_18.xls,2026-03-02,18,10,2026,45.0,0.0,60000.0,0.0,670000.0,2,335000.0,0.0
121712,3170359,15105,30350.0,114,UYP,RECOMPRA,2026-03-02,622,ARCO NORTE,Zona 33,195334,RECOMPRA,02-03-2026_18.xls,2026-03-02,18,10,2026,114.0,0.0,75000.0,0.0,590000.0,2,295000.0,0.0
113881,3170369,15105,40580.0,345,UIQ,RECOMPRA,2026-03-02,345,SUR PONIENTE,Zona 03,34593934,RECOMPRA,02-03-2026_18.xls,2026-03-02,18,10,2026,345.0,0.0,44000.0,0.0,1155000.0,9,128333.33333333333,0.0
128667,3170373,15105,20350.0,812,XMY,RECOMPRA,2026-03-02,92,ARCO NORTE,Zona 26,9599752,RECOMPRA,02-03-2026_18.xls,2026-03-02,18,10,2026,,,,,,1,,
45484,3170397,15105,143900.0,51,PCH,RECOMPRA,2026-03-02,51,SUR PONIENTE,Zona 05,5799250,RECOMPRA,02-03-2026_18.xls,2026-03-02,18,10,2026,51.0,0.0,44000.0,0.0,640000.0,8,80000.0,0.0
131813,3170409,15105,25000.0,41,OOJ,NUEVO,2026-03-02,41,ARCO NORTE,Zona 25,131813,NUEVO,02-03-2026_18.xls,2026-03-02,18,10,2026,41.0,0.0,15000.0,0.0,470000.0,1,15000.0,0.0
46967,3170418,15105,11350.0,123,KUM,RECOMPRA,2026-03-02,123,ARCO NORTE,Zona 36,12393790,RECOMPRA,02-03-2026_18.xls,2026-03-02,18,10,2026,123.0,0.0,45000.0,0.0,400000.0,3,133333.33333333334,0.0
126302,3170430,15110,15350.0,627,ONL,RECOMPRA,2026-03-02,627,ARCO NORTE,Zona 24,62796302,RECOMPRA,02-03-2026_18.xls,2026-03-02,18,10,2026,627.0,0.0,45000.0,0.0,340000.0,3,113333.33333333333,0.0
41638,3170450,15105,56000.0,49,QVR,RECOMPRA,2026-03-02,49,ARCO NORTE,Zona 27,4796745,RECOMPRA,02-03-2026_18.xls,2026-03-02,18,10,2026,49.0,0.0,30000.0,0.0,960000.0,7,137142.85714285713,0.0
57510,3170472,15105,20350.0,85,WDK,RECOMPRA,2026-03-02,85,SUR PONIENTE,Zona 09,8397357,RECOMPRA,02-03-2026_18.xls,2026-03-02,18,10,2026,85.0,0.0,44000.0,0.0,844000.0,8,105500.0,0.0
73999,3170482,15105,41100.0,336,TOT,RECOMPRA,2026-03-02,336,SUR PONIENTE,Zona 06,33695567,RECOMPRA,02-03-2026_18.xls,2026-03-02,18,10,2026,336.0,0.0,44000.0,0.0,252000.0,1,252000.0,0.0
87763,3170496,15105,50350.0,566,LWK,RECOMPRA,2026-03-02,566,ARCO NORTE,Zona 32,56695483,RECOMPRA,02-03-2026_18.xls,2026-03-02,18,10,2026,566.0,0.0,90000.0,0.0,380000.0,4,95000.0,0.0
38696,3170502,15105,100350.0,32,YNI,RECOMPRA,2026-03-02,32,SUR PONIENTE,Zona 08,3297278,RECOMPRA,02-03-2026_18.xls,2026-03-02,18,10,2026,32.0,0.0,44000.0,0.0,601000.0,6,100166.66666666667,0.0
74514,3170512,15105,20350.0,561,SUD,RECOMPRA,2026-03-02,561,ARCO NORTE,Zona 35,55098528,RECOMPRA,02-03-2026_18.xls,2026-03-02,18,10,2026,561.0,0.0,45000.0,0.0,650000.0,2,325000.0,0.0
43462,3170536,15105,15350.0,41,OOJ,RECOMPRA,2026-03-02,41,ARCO NORTE,Zona 25,4294060,RECOMPRA,02-03-2026_18.xls,2026-03-02,18,10,2026,41.0,0.0,15000.0,0.0,470000.0,4,117500.0,0.0
42695,3170546,15105,10350.0,211,USB,RECOMPRA,2026-03-02,211,ARCO NORTE,Zona 31,21193811,RECOMPRA,02-03-2026_18.xls,2026-03-02,18,10,2026,211.0,0.0,60000.0,0.0,530000.0,2,265000.0,0.0
99915,3170563,15105,13350.0,344,WDQ,RECOMPRA,2026-03-02,344,SUR PONIENTE,Zona 07,34496468,RECOMPRA,02-03-2026_18.xls,2026-03-02,18,10,2026,344.0,0.0,44000.0,0.0,712000.0,4,178000.0,0.0
80861,3170579,15105,4350.0,53,YTB,RECOMPRA,2026-03-02,53,SUR PONIENTE,Zona 05,5393310,RECOMPRA,02-03-2026_18.xls,2026-03-02,18,10,2026,53.0,0.0,44000.0,0.0,436000.0,4,109000.0,0.0
20292,3170588,15105,7000.0,133,DZP,RECOMPRA,2026-03-02,133,SUR PONIENTE,Zona 01,13496199,RECOMPRA,02-03-2026_18.xls,2026-03-02,18,10,2026,133.0,0.0,44000.0,0.0,628000.0,3,209333.33333333334,0.0
131814,3170594,15105,50000.0,26,BFF,NUEVO,2026-03-02,26,ARCO NORTE,Zona 37,131814,NUEVO,02-03-2026_18.xls,2026-03-02,18,10,2026,26.0,0.0,30000.0,0.0,280000.0,1,30000.0,0.0
127611,3170612,15105,14350.0,621,XSB,RECOMPRA,2026-03-02,621,ARCO NORTE,Zona 28,194965,RECOMPRA,02-03-2026_18.xls,2026-03-02,18,10,2026,621.0,0.0,45000.0,0.0,470000.0,4,117500.0,0.0
121843,3170622,15105,14648.0,811,YOW,RECOMPRA,2026-03-02,48,ARCO NORTE,Zona 29,195321,RECOMPRA,02-03-2026_18.xls,2026-03-02,18,10,2026,,,,,,1,,
75471,3171208,15105,10350.0,85,CLD,RECOMPRA,2026-03-03,85,SUR PONIENTE,Zona 09,8797330,RECOMPRA,03-03-2026_12.xls,2026-03-03,12,10,2026,85.0,0.0,44000.0,0.0,844000.0,1,844000.0,0.0
128821,3171243,15105,13200.0,313,YBQ,RECOMPRA,2026-03-03,313,SUR PONIENTE,Zona 10,31393513,RECOMPRA,03-03-2026_12.xls,2026-03-03,12,10,2026,313.0,0.0,44000.0,0.0,429000.0,2,214500.0,0.0
72063,3171251,15105,9350.0,344,WDQ,RECOMPRA,2026-03-03,344,SUR PONIENTE,Zona 07,34496838,RECOMPRA,03-03-2026_12.xls,2026-03-03,12,10,2026,344.0,0.0,44000.0,0.0,712000.0,3,237333.33333333334,0.0
54786,3171306,15110,60350.0,1,QMY,RECOMPRA,2026-03-03,602,SUR PONIENTE,Zona 04,60297069,RECOMPRA,03-03-2026_12.xls,2026-03-03,12,10,2026,,,,,,3,,
131827,3171319,15105,5350.0,346,UKV,NUEVO,2026-03-03,346,ARCO NORTE,Zona 31,131827,NUEVO,03-03-2026_12.xls,2026-03-03,12,10,2026,346.0,0.0,60000.0,0.0,430000.0,1,60000.0,0.0
26159,3171331,15105,87500.0,623,LSR,RECOMPRA,2026-03-03,623,ARCO NORTE,Zona 28,62996072,RECOMPRA,03-03-2026_12.xls,2026-03-03,12,10,2026,623.0,0.0,30000.0,0.0,280000.0,1,280000.0,0.0
47233,3171351,15105,28750.0,345,UIQ,RECOMPRA,2026-03-03,345,SUR PONIENTE,Zona 03,34594717,RECOMPRA,03-03-2026_12.xls,2026-03-03,12,10,2026,345.0,0.0,44000.0,0.0,1155000.0,3,385000.0,0.0
49937,3171389,15105,9434.49,215,ZGB,RECOMPRA,2026-03-03,215,SUR PONIENTE,Zona 02,21598912,RECOMPRA,03-03-2026_12.xls,2026-03-03,12,10,2026,215.0,0.0,44000.0,0.0,504000.0,3,168000.0,0.0
80721,3171422,15105,14350.0,345,UIQ,RECOMPRA,2026-03-03,345,SUR PONIENTE,Zona 03,34594198,RECOMPRA,03-03-2026_12.xls,2026-03-03,12,10,2026,345.0,0.0,44000.0,0.0,1155000.0,3,385000.0,0.0
120729,3171488,15105,22800.0,343,JNP,RECOMPRA,2026-03-03,343,SUR PONIENTE,Zona 03,34394179,RECOMPRA,03-03-2026_12.xls,2026-03-03,12,10,2026,343.0,0.0,44000.0,0.0,769000.0,2,384500.0,0.0
128585,3171501,15105,14350.0,313,YBQ,RECOMPRA,2026-03-03,313,SUR PONIENTE,Zona 10,31393515,RECOMPRA,03-03-2026_12.xls,2026-03-03,12,10,2026,313.0,0.0,44000.0,0.0,429000.0,2,214500.0,0.0
42627,3171528,15105,137350.0,41,OOJ,RECOMPRA,2026-03-03,41,ARCO NORTE,Zona 25,4191565,RECOMPRA,03-03-2026_12.xls,2026-03-03,12,10,2026,41.0,0.0,15000.0,0.0,470000.0,1,470000.0,0.0
131831,3171602,15105,4350.0,627,ZEF,NUEVO,2026-03-03,627,ARCO NORTE,Zona 24,131831,NUEVO,03-03-2026_12.xls,2026-03-03,12,10,2026,627.0,0.0,45000.0,0.0,340000.0,1,45000.0,0.0
67148,3171613,15105,35080.0,344,WDQ,RECOMPRA,2026-03-03,344,SUR PONIENTE,Zona 07,34498391,RECOMPRA,03-03-2026_12.xls,2026-03-03,12,10,2026,344.0,0.0,44000.0,0.0,712000.0,3,237333.33333333334,0.0
41564,3171648,15105,93850.0,603,HLS,RECOMPRA,2026-03-03,603,SUR PONIENTE,Zona 04,60396797,RECOMPRA,03-03-2026_12.xls,2026-03-03,12,10,2026,603.0,0.0,44000.0,0.0,513000.0,2,256500.0,0.0
75471,3171208,15105,10350.0,85,CLD,RECOMPRA,2026-03-03,85,SUR PONIENTE,Zona 09,8797330,RECOMPRA,03-03-2026_15.xls,2026-03-03,15,10,2026,85.0,0.0,44000.0,0.0,844000.0,4,211000.0,0.0
128821,3171243,15105,13200.0,313,YBQ,RECOMPRA,2026-03-03,313,SUR PONIENTE,Zona 10,31393513,RECOMPRA,03-03-2026_15.xls,2026-03-03,15,10,2026,313.0,0.0,44000.0,0.0,429000.0,2,214500.0,0.0
72063,3171251,15105,9350.0,344,WDQ,RECOMPRA,2026-03-03,344,SUR PONIENTE,Zona 07,34496838,RECOMPRA,03-03-2026_15.xls,2026-03-03,15,10,2026,344.0,0.0,44000.0,0.0,712000.0,5,142400.0,0.0
54786,3171306,15110,60350.0,1,QMY,RECOMPRA,2026-03-03,602,SUR PONIENTE,Zona 04,60297069,RECOMPRA,03-03-2026_15.xls,2026-03-03,15,10,2026,,,,,,7,,
131827,3171319,15105,5350.0,346,UKV,NUEVO,2026-03-03,346,ARCO NORTE,Zona 31,131827,NUEVO,03-03-2026_15.xls,2026-03-03,15,10,2026,346.0,0.0,60000.0,0.0,430000.0,1,60000.0,0.0
26159,3171331,15105,87500.0,623,LSR,RECOMPRA,2026-03-03,623,ARCO NORTE,Zona 28,62996072,RECOMPRA,03-03-2026_15.xls,2026-03-03,15,10,2026,623.0,0.0,30000.0,0.0,280000.0,1,280000.0,0.0
47233,3171351,15105,28750.0,345,UIQ,RECOMPRA,2026-03-03,345,SUR PONIENTE,Zona 03,34594717,RECOMPRA,03-03-2026_15.xls,2026-03-03,15,10,2026,345.0,0.0,44000.0,0.0,1155000.0,7,165000.0,0.0
49937,3171389,15105,9434.49,215,ZGB,RECOMPRA,2026-03-03,215,SUR PONIENTE,Zona 02,21598912,RECOMPRA,03-03-2026_15.xls,2026-03-03,15,10,2026,215.0,0.0,44000.0,0.0,504000.0,4,126000.0,0.0
80721,3171422,15105,14350.0,345,UIQ,RECOMPRA,2026-03-03,345,SUR PONIENTE,Zona 03,34594198,RECOMPRA,03-03-2026_15.xls,2026-03-03,15,10,2026,345.0,0.0,44000.0,0.0,1155000.0,7,165000.0,0.0
120729,3171488,15105,22800.0,343,JNP,RECOMPRA,2026-03-03,343,SUR PONIENTE,Zona 03,34394179,RECOMPRA,03-03-2026_15.xls,2026-03-03,15,10,2026,343.0,0.0,44000.0,0.0,769000.0,12,64083.333333333336,0.0
128585,3171501,15105,14350.0,313,YBQ,RECOMPRA,2026-03-03,313,SUR PONIENTE,Zona 10,31393515,RECOMPRA,03-03-2026_15.xls,2026-03-03,15,10,2026,313.0,0.0,44000.0,0.0,429000.0,2,214500.0,0.0
42627,3171528,15105,137350.0,41,OOJ,RECOMPRA,2026-03-03,41,ARCO NORTE,Zona 25,4191565,RECOMPRA,03-03-2026_15.xls,2026-03-03,15,10,2026,41.0,0.0,15000.0,0.0,470000.0,1,470000.0,0.0
131831,3171602,15105,4350.0,627,ZEF,NUEVO,2026-03-03,627,ARCO NORTE,Zona 24,131831,NUEVO,03-03-2026_15.xls,2026-03-03,15,10,2026,627.0,0.0,45000.0,0.0,340000.0,1,45000.0,0.0
67148,3171613,15105,35080.0,344,WDQ,RECOMPRA,2026-03-03,344,SUR PONIENTE,Zona 07,34498391,RECOMPRA,03-03-2026_15.xls,2026-03-03,15,10,2026,344.0,0.0,44000.0,0.0,712000.0,5,142400.0,0.0
41564,3171648,15105,93850.0,603,HLS,RECOMPRA,2026-03-03,603,SUR PONIENTE,Zona 04,60396797,RECOMPRA,03-03-2026_15.xls,2026-03-03,15,10,2026,603.0,0.0,44000.0,0.0,513000.0,5,102600.0,0.0
73413,3171688,15105,6350.0,343,TUL,RECOMPRA,2026-03-03,343,SUR PONIENTE,Zona 03,34596626,RECOMPRA,03-03-2026_15.xls,2026-03-03,15,10,2026,343.0,0.0,44000.0,0.0,769000.0,12,64083.333333333336,0.0
55511,3171691,15105,9350.0,49,QVR,RECOMPRA,2026-03-03,49,ARCO NORTE,Zona 27,4493199,RECOMPRA,03-03-2026_15.xls,2026-03-03,15,10,2026,49.0,0.0,30000.0,0.0,960000.0,4,240000.0,0.0
128615,3171704,15105,15500.0,565,YKA,RECOMPRA,2026-03-03,565,ARCO NORTE,Zona 32,56593760,RECOMPRA,03-03-2026_15.xls,2026-03-03,15,10,2026,565.0,0.0,60000.0,0.0,300000.0,1,300000.0,0.0
127556,3171771,15105,9350.0,981,UIJ,RECOMPRA,2026-03-03,981,ARCO NORTE,Zona 34,98193240,RECOMPRA,03-03-2026_15.xls,2026-03-03,15,10,2026,981.0,0.0,60000.0,0.0,590000.0,4,147500.0,0.0
53873,3171780,15105,20350.0,1,HQZ,RECOMPRA,2026-03-03,61,SUR PONIENTE,Zona 02,6193368,RECOMPRA,03-03-2026_15.xls,2026-03-03,15,10,2026,,,,,,7,,
61588,3171801,15105,30750.0,51,PCH,RECOMPRA,2026-03-03,51,SUR PONIENTE,Zona 05,5798731,RECOMPRA,03-03-2026_15.xls,2026-03-03,15,10,2026,51.0,0.0,44000.0,0.0,640000.0,5,128000.0,0.0
18321,3171813,15105,7350.0,642,BHQ,RECOMPRA,2026-03-03,642,ARCO NORTE,Zona 40,199633,NUEVO,03-03-2026_15.xls,2026-03-03,15,10,2026,642.0,0.0,60000.0,0.0,350000.0,2,30000.0,0.0
45346,3171822,15105,20000.0,49,QVR,RECOMPRA,2026-03-03,49,ARCO NORTE,Zona 27,4795747,RECOMPRA,03-03-2026_15.xls,2026-03-03,15,10,2026,49.0,0.0,30000.0,0.0,960000.0,4,240000.0,0.0
49469,3171851,15105,30350.0,1,DFR,RECOMPRA,2026-03-03,114,ARCO NORTE,Zona 33,2188524,RECOMPRA,03-03-2026_15.xls,2026-03-03,15,10,2026,,,,,,7,,
48814,3171862,15105,60744.0,626,NDF,RECOMPRA,2026-03-03,626,SUR PONIENTE,Zona 12,62497973,RECOMPRA,03-03-2026_15.xls,2026-03-03,15,10,2026,626.0,0.0,44000.0,0.0,291000.0,1,291000.0,0.0
131833,3171870,15105,5350.0,51,PCH,RECOMPRA,2026-03-03,51,SUR PONIENTE,Zona 05,131833,RECOMPRA,03-03-2026_15.xls,2026-03-03,15,10,2026,51.0,0.0,44000.0,0.0,640000.0,5,128000.0,0.0
52274,3171900,15105,30350.0,566,LWK,RECOMPRA,2026-03-03,566,ARCO NORTE,Zona 32,56694462,RECOMPRA,03-03-2026_15.xls,2026-03-03,15,10,2026,566.0,0.0,90000.0,0.0,380000.0,3,126666.66666666667,0.0
45451,3171914,15105,12350.0,133,UKD,RECOMPRA,2026-03-03,133,SUR PONIENTE,Zona 01,13396724,RECOMPRA,03-03-2026_15.xls,2026-03-03,15,10,2026,133.0,0.0,44000.0,0.0,628000.0,2,314000.0,0.0
131834,3171937,15105,15350.0,123,ZFF,NUEVO,2026-03-03,123,ARCO NORTE,Zona 36,131834,NUEVO,03-03-2026_15.xls,2026-03-03,15,10,2026,123.0,0.0,45000.0,0.0,400000.0,2,22500.0,0.0
75657,3171955,15105,108350.0,346,UYE,RECOMPRA,2026-03-03,346,ARCO NORTE,Zona 31,34696104,RECOMPRA,03-03-2026_15.xls,2026-03-03,15,10,2026,346.0,0.0,60000.0,0.0,430000.0,1,430000.0,0.0
127403,3171960,15105,11000.0,342,YFH,RECOMPRA,2026-03-03,342,SUR PONIENTE,Zona 03,34292965,RECOMPRA,03-03-2026_15.xls,2026-03-03,15,10,2026,342.0,0.0,44000.0,0.0,971000.0,9,107888.88888888889,0.0
43511,3172018,15105,10350.0,85,CLD,RECOMPRA,2026-03-03,85,SUR PONIENTE,Zona 09,8595618,RECOMPRA,03-03-2026_15.xls,2026-03-03,15,10,2026,85.0,0.0,44000.0,0.0,844000.0,4,211000.0,0.0
75311,3172047,15105,30350.0,343,FLO,RECOMPRA,2026-03-03,343,SUR PONIENTE,Zona 03,34399659,RECOMPRA,03-03-2026_15.xls,2026-03-03,15,10,2026,343.0,0.0,44000.0,0.0,769000.0,12,64083.333333333336,0.0
52322,3172054,15105,10574.0,26,ZGB,RECOMPRA,2026-03-03,26,ARCO NORTE,Zona 37,2595387,RECOMPRA,03-03-2026_15.xls,2026-03-03,15,10,2026,26.0,0.0,30000.0,0.0,280000.0,2,140000.0,0.0
41838,3172072,15105,15744.0,24,RJL,RECOMPRA,2026-03-03,24,ARCO NORTE,Zona 37,22195843,RECOMPRA,03-03-2026_15.xls,2026-03-03,15,10,2026,24.0,0.0,45000.0,0.0,610000.0,2,305000.0,0.0
44732,3172098,15105,20350.0,343,FLO,RECOMPRA,2026-03-03,343,SUR PONIENTE,Zona 03,34397229,RECOMPRA,03-03-2026_15.xls,2026-03-03,15,10,2026,343.0,0.0,44000.0,0.0,769000.0,12,64083.333333333336,0.0
99617,3172111,15105,35351.0,131,PPW,RECOMPRA,2026-03-03,131,SUR PONIENTE,Zona 01,13193306,RECOMPRA,03-03-2026_15.xls,2026-03-03,15,10,2026,131.0,0.0,44000.0,0.0,322000.0,1,322000.0,0.0
107632,3172149,15105,50850.0,603,HLS,RECOMPRA,2026-03-03,603,SUR PONIENTE,Zona 04,60395596,RECOMPRA,03-03-2026_15.xls,2026-03-03,15,10,2026,603.0,0.0,44000.0,0.0,513000.0,5,102600.0,0.0
70420,3172223,15105,5800.0,642,WSN,RECOMPRA,2026-03-03,642,ARCO NORTE,Zona 40,64294335,NUEVO,03-03-2026_15.xls,2026-03-03,15,10,2026,642.0,0.0,60000.0,0.0,350000.0,2,30000.0,0.0
71873,3172241,15105,31744.0,342,PHE,RECOMPRA,2026-03-03,342,SUR PONIENTE,Zona 03,34295180,RECOMPRA,03-03-2026_15.xls,2026-03-03,15,10,2026,342.0,0.0,44000.0,0.0,971000.0,9,107888.88888888889,0.0
21015,3172254,15105,13500.0,85,WDK,RECOMPRA,2026-03-03,85,SUR PONIENTE,Zona 09,8395129,RECOMPRA,03-03-2026_15.xls,2026-03-03,15,10,2026,85.0,0.0,44000.0,0.0,844000.0,4,211000.0,0.0
124804,3172289,15105,35988.0,342,WTL,RECOMPRA,2026-03-03,342,SUR PONIENTE,Zona 03,34293018,RECOMPRA,03-03-2026_15.xls,2026-03-03,15,10,2026,342.0,0.0,44000.0,0.0,971000.0,9,107888.88888888889,0.0
64390,3172305,15105,13580.0,345,UIQ,RECOMPRA,2026-03-03,345,SUR PONIENTE,Zona 03,34597561,RECOMPRA,03-03-2026_15.xls,2026-03-03,15,10,2026,345.0,0.0,44000.0,0.0,1155000.0,7,165000.0,0.0
103258,3172383,15105,58350.0,123,KUM,RECOMPRA,2026-03-03,123,ARCO NORTE,Zona 36,12393480,RECOMPRA,03-03-2026_15.xls,2026-03-03,15,10,2026,123.0,0.0,45000.0,0.0,400000.0,1,400000.0,0.0
72370,3172392,15105,20350.0,621,EFU,RECOMPRA,2026-03-03,621,ARCO NORTE,Zona 28,62196751,RECOMPRA,03-03-2026_15.xls,2026-03-03,15,10,2026,621.0,0.0,45000.0,0.0,470000.0,1,470000.0,0.0
47559,3172420,15105,40350.0,133,XAI,RECOMPRA,2026-03-03,133,SUR PONIENTE,Zona 01,13397492,RECOMPRA,03-03-2026_15.xls,2026-03-03,15,10,2026,133.0,0.0,44000.0,0.0,628000.0,2,314000.0,0.0
42707,3172454,15105,58830.0,22,IHK,RECOMPRA,2026-03-03,22,ARCO NORTE,Zona 27,2295857,RECOMPRA,03-03-2026_15.xls,2026-03-03,15,10,2026,22.0,0.0,60000.0,0.0,1140000.0,1,1140000.0,0.0
75471,3171208,15105,10350.0,85,CLD,RECOMPRA,2026-03-03,85,SUR PONIENTE,Zona 09,8797330,RECOMPRA,03-03-2026_18.xls,2026-03-03,18,10,2026,85.0,0.0,44000.0,0.0,844000.0,8,105500.0,0.0
128821,3171243,15105,13200.0,313,YBQ,RECOMPRA,2026-03-03,313,SUR PONIENTE,Zona 10,31393513,RECOMPRA,03-03-2026_18.xls,2026-03-03,18,10,2026,313.0,0.0,44000.0,0.0,429000.0,4,107250.0,0.0
72063,3171251,15105,9350.0,344,WDQ,RECOMPRA,2026-03-03,344,SUR PONIENTE,Zona 07,34496838,RECOMPRA,03-03-2026_18.xls,2026-03-03,18,10,2026,344.0,0.0,44000.0,0.0,712000.0,4,178000.0,0.0
54786,3171306,15110,60350.0,1,QMY,RECOMPRA,2026-03-03,602,SUR PONIENTE,Zona 04,60297069,RECOMPRA,03-03-2026_18.xls,2026-03-03,18,10,2026,,,,,,7,,
131827,3171319,15105,5350.0,346,UKV,NUEVO,2026-03-03,346,ARCO NORTE,Zona 31,131827,NUEVO,03-03-2026_18.xls,2026-03-03,18,10,2026,346.0,0.0,60000.0,0.0,430000.0,1,60000.0,0.0
26159,3171331,15105,87500.0,623,LSR,RECOMPRA,2026-03-03,623,ARCO NORTE,Zona 28,62996072,RECOMPRA,03-03-2026_18.xls,2026-03-03,18,10,2026,623.0,0.0,30000.0,0.0,280000.0,1,280000.0,0.0
47233,3171351,15105,28750.0,345,UIQ,RECOMPRA,2026-03-03,345,SUR PONIENTE,Zona 03,34594717,RECOMPRA,03-03-2026_18.xls,2026-03-03,18,10,2026,345.0,0.0,44000.0,0.0,1155000.0,9,128333.33333333333,0.0
49937,3171389,15105,9434.49,215,ZGB,RECOMPRA,2026-03-03,215,SUR PONIENTE,Zona 02,21598912,RECOMPRA,03-03-2026_18.xls,2026-03-03,18,10,2026,215.0,0.0,44000.0,0.0,504000.0,3,168000.0,0.0
80721,3171422,15105,14350.0,345,UIQ,RECOMPRA,2026-03-03,345,SUR PONIENTE,Zona 03,34594198,RECOMPRA,03-03-2026_18.xls,2026-03-03,18,10,2026,345.0,0.0,44000.0,0.0,1155000.0,9,128333.33333333333,0.0
120729,3171488,15105,22800.0,343,JNP,RECOMPRA,2026-03-03,343,SUR PONIENTE,Zona 03,34394179,RECOMPRA,03-03-2026_18.xls,2026-03-03,18,10,2026,343.0,0.0,44000.0,0.0,769000.0,13,59153.846153846156,0.0
128585,3171501,15105,14350.0,313,YBQ,RECOMPRA,2026-03-03,313,SUR PONIENTE,Zona 10,31393515,RECOMPRA,03-03-2026_18.xls,2026-03-03,18,10,2026,313.0,0.0,44000.0,0.0,429000.0,4,107250.0,0.0
42627,3171528,15105,137350.0,41,OOJ,RECOMPRA,2026-03-03,41,ARCO NORTE,Zona 25,4191565,RECOMPRA,03-03-2026_18.xls,2026-03-03,18,10,2026,41.0,0.0,15000.0,0.0,470000.0,4,117500.0,0.0
131831,3171602,15105,4350.0,627,ZEF,NUEVO,2026-03-03,627,ARCO NORTE,Zona 24,131831,NUEVO,03-03-2026_18.xls,2026-03-03,18,10,2026,627.0,0.0,45000.0,0.0,340000.0,1,45000.0,0.0
67148,3171613,15105,35080.0,344,WDQ,RECOMPRA,2026-03-03,344,SUR PONIENTE,Zona 07,34498391,RECOMPRA,03-03-2026_18.xls,2026-03-03,18,10,2026,344.0,0.0,44000.0,0.0,712000.0,4,178000.0,0.0
41564,3171648,15105,93850.0,603,HLS,RECOMPRA,2026-03-03,603,SUR PONIENTE,Zona 04,60396797,RECOMPRA,03-03-2026_18.xls,2026-03-03,18,10,2026,603.0,0.0,44000.0,0.0,513000.0,4,128250.0,0.0
73413,3171688,15105,6350.0,343,TUL,RECOMPRA,2026-03-03,343,SUR PONIENTE,Zona 03,34596626,RECOMPRA,03-03-2026_18.xls,2026-03-03,18,10,2026,343.0,0.0,44000.0,0.0,769000.0,13,59153.846153846156,0.0
55511,3171691,15105,9350.0,49,QVR,RECOMPRA,2026-03-03,49,ARCO NORTE,Zona 27,4493199,RECOMPRA,03-03-2026_18.xls,2026-03-03,18,10,2026,49.0,0.0,30000.0,0.0,960000.0,7,137142.85714285713,0.0
128615,3171704,15105,15500.0,565,YKA,RECOMPRA,2026-03-03,565,ARCO NORTE,Zona 32,56593760,RECOMPRA,03-03-2026_18.xls,2026-03-03,18,10,2026,565.0,0.0,60000.0,0.0,300000.0,2,150000.0,0.0
127556,3171771,15105,9350.0,981,UIJ,RECOMPRA,2026-03-03,981,ARCO NORTE,Zona 34,98193240,RECOMPRA,03-03-2026_18.xls,2026-03-03,18,10,2026,981.0,0.0,60000.0,0.0,590000.0,6,98333.33333333333,0.0
53873,3171780,15105,20350.0,1,HQZ,RECOMPRA,2026-03-03,61,SUR PONIENTE,Zona 02,6193368,RECOMPRA,03-03-2026_18.xls,2026-03-03,18,10,2026,,,,,,7,,
61588,3171801,15105,30750.0,51,PCH,RECOMPRA,2026-03-03,51,SUR PONIENTE,Zona 05,5798731,RECOMPRA,03-03-2026_18.xls,2026-03-03,18,10,2026,51.0,0.0,44000.0,0.0,640000.0,8,80000.0,0.0
18321,3171813,15105,7350.0,642,BHQ,RECOMPRA,2026-03-03,642,ARCO NORTE,Zona 40,199633,NUEVO,03-03-2026_18.xls,2026-03-03,18,10,2026,642.0,0.0,60000.0,0.0,350000.0,2,30000.0,0.0
45346,3171822,15105,20000.0,49,QVR,RECOMPRA,2026-03-03,49,ARCO NORTE,Zona 27,4795747,RECOMPRA,03-03-2026_18.xls,2026-03-03,18,10,2026,49.0,0.0,30000.0,0.0,960000.0,7,137142.85714285713,0.0
49469,3171851,15105,30350.0,1,DFR,RECOMPRA,2026-03-03,114,ARCO NORTE,Zona 33,2188524,RECOMPRA,03-03-2026_18.xls,2026-03-03,18,10,2026,,,,,,7,,
48814,3171862,15105,60744.0,626,NDF,RECOMPRA,2026-03-03,626,SUR PONIENTE,Zona 12,62497973,RECOMPRA,03-03-2026_18.xls,2026-03-03,18,10,2026,626.0,0.0,44000.0,0.0,291000.0,2,145500.0,0.0
131833,3171870,15105,5350.0,51,PCH,RECOMPRA,2026-03-03,51,SUR PONIENTE,Zona 05,131833,RECOMPRA,03-03-2026_18.xls,2026-03-03,18,10,2026,51.0,0.0,44000.0,0.0,640000.0,8,80000.0,0.0
52274,3171900,15105,30350.0,566,LWK,RECOMPRA,2026-03-03,566,ARCO NORTE,Zona 32,56694462,RECOMPRA,03-03-2026_18.xls,2026-03-03,18,10,2026,566.0,0.0,90000.0,0.0,380000.0,4,95000.0,0.0
45451,3171914,15105,12350.0,133,UKD,RECOMPRA,2026-03-03,133,SUR PONIENTE,Zona 01,13396724,RECOMPRA,03-03-2026_18.xls,2026-03-03,18,10,2026,133.0,0.0,44000.0,0.0,628000.0,3,209333.33333333334,0.0
131834,3171937,15105,15350.0,123,ZFF,NUEVO,2026-03-03,123,ARCO NORTE,Zona 36,131834,NUEVO,03-03-2026_18.xls,2026-03-03,18,10,2026,123.0,0.0,45000.0,0.0,400000.0,1,45000.0,0.0
75657,3171955,15105,108350.0,346,UYE,RECOMPRA,2026-03-03,346,ARCO NORTE,Zona 31,34696104,RECOMPRA,03-03-2026_18.xls,2026-03-03,18,10,2026,346.0,0.0,60000.0,0.0,430000.0,3,143333.33333333334,0.0
127403,3171960,15105,11000.0,342,YFH,RECOMPRA,2026-03-03,342,SUR PONIENTE,Zona 03,34292965,RECOMPRA,03-03-2026_18.xls,2026-03-03,18,10,2026,342.0,0.0,44000.0,0.0,971000.0,9,107888.88888888889,0.0
43511,3172018,15105,10350.0,85,CLD,RECOMPRA,2026-03-03,85,SUR PONIENTE,Zona 09,8595618,RECOMPRA,03-03-2026_18.xls,2026-03-03,18,10,2026,85.0,0.0,44000.0,0.0,844000.0,8,105500.0,0.0
75311,3172047,15105,30350.0,343,FLO,RECOMPRA,2026-03-03,343,SUR PONIENTE,Zona 03,34399659,RECOMPRA,03-03-2026_18.xls,2026-03-03,18,10,2026,343.0,0.0,44000.0,0.0,769000.0,13,59153.846153846156,0.0
52322,3172054,15105,10574.0,26,ZGB,RECOMPRA,2026-03-03,26,ARCO NORTE,Zona 37,2595387,RECOMPRA,03-03-2026_18.xls,2026-03-03,18,10,2026,26.0,0.0,30000.0,0.0,280000.0,3,93333.33333333333,0.0
41838,3172072,15105,15744.0,24,RJL,RECOMPRA,2026-03-03,24,ARCO NORTE,Zona 37,22195843,RECOMPRA,03-03-2026_18.xls,2026-03-03,18,10,2026,24.0,0.0,45000.0,0.0,610000.0,2,305000.0,0.0
44732,3172098,15105,20350.0,343,FLO,RECOMPRA,2026-03-03,343,SUR PONIENTE,Zona 03,34397229,RECOMPRA,03-03-2026_18.xls,2026-03-03,18,10,2026,343.0,0.0,44000.0,0.0,769000.0,13,59153.846153846156,0.0
99617,3172111,15105,35351.0,131,PPW,RECOMPRA,2026-03-03,131,SUR PONIENTE,Zona 01,13193306,RECOMPRA,03-03-2026_18.xls,2026-03-03,18,10,2026,131.0,0.0,44000.0,0.0,322000.0,2,161000.0,0.0
107632,3172149,15105,50850.0,603,HLS,RECOMPRA,2026-03-03,603,SUR PONIENTE,Zona 04,60395596,RECOMPRA,03-03-2026_18.xls,2026-03-03,18,10,2026,603.0,0.0,44000.0,0.0,513000.0,4,128250.0,0.0
70420,3172223,15105,5800.0,642,WSN,RECOMPRA,2026-03-03,642,ARCO NORTE,Zona 40,64294335,NUEVO,03-03-2026_18.xls,2026-03-03,18,10,2026,642.0,0.0,60000.0,0.0,350000.0,2,30000.0,0.0
71873,3172241,15105,31744.0,342,PHE,RECOMPRA,2026-03-03,342,SUR PONIENTE,Zona 03,34295180,RECOMPRA,03-03-2026_18.xls,2026-03-03,18,10,2026,342.0,0.0,44000.0,0.0,971000.0,9,107888.88888888889,0.0
21015,3172254,15105,13500.0,85,WDK,RECOMPRA,2026-03-03,85,SUR PONIENTE,Zona 09,8395129,RECOMPRA,03-03-2026_18.xls,2026-03-03,18,10,2026,85.0,0.0,44000.0,0.0,844000.0,8,105500.0,0.0
124804,3172289,15105,35988.0,342,WTL,RECOMPRA,2026-03-03,342,SUR PONIENTE,Zona 03,34293018,RECOMPRA,03-03-2026_18.xls,2026-03-03,18,10,2026,342.0,0.0,44000.0,0.0,971000.0,9,107888.88888888889,0.0
64390,3172305,15105,13580.0,345,UIQ,RECOMPRA,2026-03-03,345,SUR PONIENTE,Zona 03,34597561,RECOMPRA,03-03-2026_18.xls,2026-03-03,18,10,2026,345.0,0.0,44000.0,0.0,1155000.0,9,128333.33333333333,0.0
103258,3172383,15105,58350.0,123,KUM,RECOMPRA,2026-03-03,123,ARCO NORTE,Zona 36,12393480,RECOMPRA,03-03-2026_18.xls,2026-03-03,18,10,2026,123.0,0.0,45000.0,0.0,400000.0,3,133333.33333333334,0.0
72370,3172392,15105,20350.0,621,EFU,RECOMPRA,2026-03-03,621,ARCO NORTE,Zona 28,62196751,RECOMPRA,03-03-2026_18.xls,2026-03-03,18,10,2026,621.0,0.0,45000.0,0.0,470000.0,4,117500.0,0.0
47559,3172420,15105,40350.0,133,XAI,RECOMPRA,2026-03-03,133,SUR PONIENTE,Zona 01,13397492,RECOMPRA,03-03-2026_18.xls,2026-03-03,18,10,2026,133.0,0.0,44000.0,0.0,628000.0,3,209333.33333333334,0.0
42707,3172454,15105,58830.0,22,IHK,RECOMPRA,2026-03-03,22,ARCO NORTE,Zona 27,2295857,RECOMPRA,03-03-2026_18.xls,2026-03-03,18,10,2026,22.0,0.0,60000.0,0.0,1140000.0,2,570000.0,0.0
76082,3172461,15105,5350.0,346,UYE,RECOMPRA,2026-03-03,346,ARCO NORTE,Zona 31,1399522,RECOMPRA,03-03-2026_18.xls,2026-03-03,18,10,2026,346.0,0.0,60000.0,0.0,430000.0,3,143333.33333333334,0.0
46157,3172480,15105,6350.0,55,TJY,RECOMPRA,2026-03-03,55,SUR PONIENTE,Zona 11,5595274,RECOMPRA,03-03-2026_18.xls,2026-03-03,18,10,2026,55.0,0.0,44000.0,0.0,634000.0,3,211333.33333333334,0.0
74126,3172493,15105,16574.0,215,VZY,RECOMPRA,2026-03-03,215,SUR PONIENTE,Zona 02,21596132,RECOMPRA,03-03-2026_18.xls,2026-03-03,18,10,2026,215.0,0.0,44000.0,0.0,504000.0,3,168000.0,0.0
128306,3172521,15105,12350.0,627,ONL,RECOMPRA,2026-03-03,627,ARCO NORTE,Zona 24,194960,RECOMPRA,03-03-2026_18.xls,2026-03-03,18,10,2026,627.0,0.0,45000.0,0.0,340000.0,3,113333.33333333333,0.0
41224,3172532,15105,11350.0,563,YYV,RECOMPRA,2026-03-03,563,ARCO NORTE,Zona 38,56396078,RECOMPRA,03-03-2026_18.xls,2026-03-03,18,10,2026,563.0,0.0,60000.0,0.0,400000.0,3,133333.33333333334,0.0
40137,3172552,15105,42350.0,42,ZEI,RECOMPRA,2026-03-03,42,ARCO NORTE,Zona 25,4291800,RECOMPRA,03-03-2026_18.xls,2026-03-03,18,10,2026,42.0,0.0,15000.0,0.0,470000.0,9,52222.22222222222,0.0
97511,3172565,15105,5574.0,342,PHE,RECOMPRA,2026-03-03,342,SUR PONIENTE,Zona 03,34296625,RECOMPRA,03-03-2026_18.xls,2026-03-03,18,10,2026,342.0,0.0,44000.0,0.0,971000.0,9,107888.88888888889,0.0
62396,3172573,15105,12350.0,32,YNI,RECOMPRA,2026-03-03,32,SUR PONIENTE,Zona 08,3193507,RECOMPRA,03-03-2026_18.xls,2026-03-03,18,10,2026,32.0,0.0,44000.0,0.0,601000.0,6,100166.66666666667,0.0
131837,3172588,15105,15350.0,91,VJU,NUEVO,2026-03-03,91,ARCO NORTE,Zona 26,131837,NUEVO,03-03-2026_18.xls,2026-03-03,18,10,2026,91.0,0.0,30000.0,0.0,380000.0,1,30000.0,0.0
65826,3172642,15105,40350.0,211,USB,RECOMPRA,2026-03-03,211,ARCO NORTE,Zona 31,21197669,RECOMPRA,03-03-2026_18.xls,2026-03-03,18,10,2026,211.0,0.0,60000.0,0.0,530000.0,2,265000.0,0.0
62870,3172651,15105,10850.0,352,XVL,RECOMPRA,2026-03-03,352,SUR PONIENTE,Zona 07,35298228,RECOMPRA,03-03-2026_18.xls,2026-03-03,18,10,2026,352.0,0.0,44000.0,0.0,395000.0,1,395000.0,0.0
112998,3172662,15105,15350.0,53,XNP,RECOMPRA,2026-03-03,53,SUR PONIENTE,Zona 05,5393163,RECOMPRA,03-03-2026_18.xls,2026-03-03,18,10,2026,53.0,0.0,44000.0,0.0,436000.0,4,109000.0,0.0
63418,3172683,15105,37580.0,45,XCA,RECOMPRA,2026-03-03,45,ARCO NORTE,Zona 34,4596821,RECOMPRA,03-03-2026_18.xls,2026-03-03,18,10,2026,45.0,0.0,60000.0,0.0,670000.0,2,335000.0,0.0
35348,3172727,15105,20350.0,85,CLD,RECOMPRA,2026-03-03,85,SUR PONIENTE,Zona 09,8195055,RECOMPRA,03-03-2026_18.xls,2026-03-03,18,10,2026,85.0,0.0,44000.0,0.0,844000.0,8,105500.0,0.0
122503,3172734,15105,29750.0,1,IZD,RECOMPRA,2026-03-03,347,ARCO NORTE,Zona 36,195230,RECOMPRA,03-03-2026_18.xls,2026-03-03,18,10,2026,,,,,,7,,
121575,3172761,15105,40000.0,49,QVR,RECOMPRA,2026-03-03,49,ARCO NORTE,Zona 27,9197088,RECOMPRA,03-03-2026_18.xls,2026-03-03,18,10,2026,49.0,0.0,30000.0,0.0,960000.0,7,137142.85714285713,0.0
39335,3172773,15105,100350.0,32,VRZ,RECOMPRA,2026-03-03,32,SUR PONIENTE,Zona 08,3293271,RECOMPRA,03-03-2026_18.xls,2026-03-03,18,10,2026,32.0,0.0,44000.0,0.0,601000.0,6,100166.66666666667,0.0
62590,3172821,15105,111350.0,981,LYM,RECOMPRA,2026-03-03,981,ARCO NORTE,Zona 34,14198875,RECOMPRA,03-03-2026_18.xls,2026-03-03,18,10,2026,981.0,0.0,60000.0,0.0,590000.0,6,98333.33333333333,0.0
88195,3172832,15105,73200.0,41,OOJ,RECOMPRA,2026-03-03,41,ARCO NORTE,Zona 25,4189642,RECOMPRA,03-03-2026_18.xls,2026-03-03,18,10,2026,41.0,0.0,15000.0,0.0,470000.0,4,117500.0,0.0
126849,3172840,15105,14500.0,313,YXF,RECOMPRA,2026-03-03,313,SUR PONIENTE,Zona 10,31299863,RECOMPRA,03-03-2026_18.xls,2026-03-03,18,10,2026,313.0,0.0,44000.0,0.0,429000.0,4,107250.0,0.0
127826,3172857,15110,25000.0,51,PCH,RECOMPRA,2026-03-03,51,SUR PONIENTE,Zona 05,5196683,RECOMPRA,03-03-2026_18.xls,2026-03-03,18,10,2026,51.0,0.0,44000.0,0.0,640000.0,8,80000.0,0.0
45400,3172865,15105,39000.0,49,QVR,RECOMPRA,2026-03-03,49,ARCO NORTE,Zona 27,4391240,RECOMPRA,03-03-2026_18.xls,2026-03-03,18,10,2026,49.0,0.0,30000.0,0.0,960000.0,7,137142.85714285713,0.0
126992,3172870,15105,15580.0,345,UIQ,RECOMPRA,2026-03-03,345,SUR PONIENTE,Zona 03,34595388,RECOMPRA,03-03-2026_18.xls,2026-03-03,18,10,2026,345.0,0.0,44000.0,0.0,1155000.0,9,128333.33333333333,0.0
47394,3172887,15105,12350.0,622,BSD,RECOMPRA,2026-03-03,622,ARCO NORTE,Zona 33,62298749,RECOMPRA,03-03-2026_18.xls,2026-03-03,18,10,2026,622.0,0.0,45000.0,0.0,280000.0,3,93333.33333333333,0.0
82667,3172891,15105,45350.0,313,YDM,RECOMPRA,2026-03-03,313,SUR PONIENTE,Zona 10,31299601,RECOMPRA,03-03-2026_18.xls,2026-03-03,18,10,2026,313.0,0.0,44000.0,0.0,429000.0,4,107250.0,0.0
112006,3172902,15105,10507.0,215,VZY,RECOMPRA,2026-03-03,215,SUR PONIENTE,Zona 02,21598498,RECOMPRA,03-03-2026_18.xls,2026-03-03,18,10,2026,215.0,0.0,44000.0,0.0,504000.0,3,168000.0,0.0
110711,3172914,15105,31100.0,342,PHE,RECOMPRA,2026-03-03,342,SUR PONIENTE,Zona 03,34293859,RECOMPRA,03-03-2026_18.xls,2026-03-03,18,10,2026,342.0,0.0,44000.0,0.0,971000.0,9,107888.88888888889,0.0
26034,3172929,15105,21350.0,563,RNK,RECOMPRA,2026-03-03,563,ARCO NORTE,Zona 38,56396400,RECOMPRA,03-03-2026_18.xls,2026-03-03,18,10,2026,563.0,0.0,60000.0,0.0,400000.0,3,133333.33333333334,0.0
77150,3172934,15105,75744.0,603,HLS,RECOMPRA,2026-03-03,603,SUR PONIENTE,Zona 04,60395739,RECOMPRA,03-03-2026_18.xls,2026-03-03,18,10,2026,603.0,0.0,44000.0,0.0,513000.0,4,128250.0,0.0
58002,3172947,15105,6350.0,42,ZEI,RECOMPRA,2026-03-03,42,ARCO NORTE,Zona 25,4391153,RECOMPRA,03-03-2026_18.xls,2026-03-03,18,10,2026,42.0,0.0,15000.0,0.0,470000.0,9,52222.22222222222,0.0
119645,3172966,15105,35350.0,53,YTB,RECOMPRA,2026-03-03,53,SUR PONIENTE,Zona 05,5896411,RECOMPRA,03-03-2026_18.xls,2026-03-03,18,10,2026,53.0,0.0,44000.0,0.0,436000.0,4,109000.0,0.0
42143,3173000,15105,80350.0,22,ABH,RECOMPRA,2026-03-03,22,ARCO NORTE,Zona 27,2192566,RECOMPRA,03-03-2026_18.xls,2026-03-03,18,10,2026,22.0,0.0,60000.0,0.0,1140000.0,2,570000.0,0.0
128962,3173015,15105,9744.0,123,XUR,RECOMPRA,2026-03-03,123,ARCO NORTE,Zona 36,12393404,RECOMPRA,03-03-2026_18.xls,2026-03-03,18,10,2026,123.0,0.0,45000.0,0.0,400000.0,3,133333.33333333334,0.0
56733,3173024,15105,125350.0,343,TUL,RECOMPRA,2026-03-03,343,SUR PONIENTE,Zona 03,34594933,RECOMPRA,03-03-2026_18.xls,2026-03-03,18,10,2026,343.0,0.0,44000.0,0.0,769000.0,13,59153.846153846156,0.0
120947,3173034,15105,31600.0,51,PCH,RECOMPRA,2026-03-03,51,SUR PONIENTE,Zona 05,80199435,RECOMPRA,03-03-2026_18.xls,2026-03-03,18,10,2026,51.0,0.0,44000.0,0.0,640000.0,8,80000.0,0.0
87872,3173057,15105,27500.0,343,ZGB,RECOMPRA,2026-03-03,343,SUR PONIENTE,Zona 03,34399407,RECOMPRA,03-03-2026_18.xls,2026-03-03,18,10,2026,343.0,0.0,44000.0,0.0,769000.0,13,59153.846153846156,0.0
129290,3173067,15105,11350.0,55,GZO,RECOMPRA,2026-03-03,55,SUR PONIENTE,Zona 11,5594528,RECOMPRA,03-03-2026_18.xls,2026-03-03,18,10,2026,55.0,0.0,44000.0,0.0,634000.0,3,211333.33333333334,0.0
107269,3173099,15105,15350.0,42,ZEI,RECOMPRA,2026-03-03,42,ARCO NORTE,Zona 25,4296949,RECOMPRA,03-03-2026_18.xls,2026-03-03,18,10,2026,42.0,0.0,15000.0,0.0,470000.0,9,52222.22222222222,0.0
47463,3173123,15105,20350.0,331,XOF,RECOMPRA,2026-03-03,331,SUR PONIENTE,Zona 06,33197815,RECOMPRA,03-03-2026_18.xls,2026-03-03,18,10,2026,331.0,0.0,44000.0,0.0,442000.0,1,442000.0,0.0
121751,3173148,15105,67000.0,49,XLP,RECOMPRA,2026-03-03,49,ARCO NORTE,Zona 27,4493501,RECOMPRA,03-03-2026_18.xls,2026-03-03,18,10,2026,49.0,0.0,30000.0,0.0,960000.0,7,137142.85714285713,0.0
85286,3173166,15105,30580.0,345,UIQ,RECOMPRA,2026-03-03,345,SUR PONIENTE,Zona 03,34594278,RECOMPRA,03-03-2026_18.xls,2026-03-03,18,10,2026,345.0,0.0,44000.0,0.0,1155000.0,9,128333.33333333333,0.0
122031,3173181,15105,50000.0,53,YTB,RECOMPRA,2026-03-03,53,SUR PONIENTE,Zona 05,5393131,RECOMPRA,03-03-2026_18.xls,2026-03-03,18,10,2026,53.0,0.0,44000.0,0.0,436000.0,4,109000.0,0.0
128829,3173198,15110,5350.0,32,VRZ,RECOMPRA,2026-03-03,32,SUR PONIENTE,Zona 08,3292885,RECOMPRA,03-03-2026_18.xls,2026-03-03,18,10,2026,32.0,0.0,44000.0,0.0,601000.0,6,100166.66666666667,0.0
90144,3173200,15105,78350.0,85,WDK,RECOMPRA,2026-03-03,85,SUR PONIENTE,Zona 09,8397766,RECOMPRA,03-03-2026_18.xls,2026-03-03,18,10,2026,85.0,0.0,44000.0,0.0,844000.0,8,105500.0,0.0
45873,3173219,15105,35350.0,629,KXJ,RECOMPRA,2026-03-03,629,ARCO NORTE,Zona 39,56298513,RECOMPRA,03-03-2026_18.xls,2026-03-03,18,10,2026,629.0,0.0,60000.0,0.0,520000.0,1,520000.0,0.0
43833,3173223,15105,83350.0,32,YVH,RECOMPRA,2026-03-03,32,SUR PONIENTE,Zona 08,7197907,RECOMPRA,03-03-2026_18.xls,2026-03-03,18,10,2026,32.0,0.0,44000.0,0.0,601000.0,6,100166.66666666667,0.0
131840,3173242,15105,15350.0,621,XSB,NUEVO,2026-03-03,621,ARCO NORTE,Zona 28,131840,NUEVO,03-03-2026_18.xls,2026-03-03,18,10,2026,621.0,0.0,45000.0,0.0,470000.0,1,45000.0,0.0
129062,3173251,15105,16700.0,48,YOW,RECOMPRA,2026-03-03,48,ARCO NORTE,Zona 29,4892779,RECOMPRA,03-03-2026_18.xls,2026-03-03,18,10,2026,48.0,0.0,60000.0,0.0,1200000.0,2,600000.0,0.0
41101,3173266,15105,16350.0,42,ZEI,RECOMPRA,2026-03-03,42,ARCO NORTE,Zona 25,2796819,RECOMPRA,03-03-2026_18.xls,2026-03-03,18,10,2026,42.0,0.0,15000.0,0.0,470000.0,9,52222.22222222222,0.0
50303,3173293,15105,15000.0,341,ZGB,RECOMPRA,2026-03-03,341,SUR PONIENTE,Zona 10,34199171,RECOMPRA,03-03-2026_18.xls,2026-03-03,18,10,2026,341.0,0.0,44000.0,0.0,472000.0,1,472000.0,0.0
85245,3173304,15105,18500.0,85,TWP,RECOMPRA,2026-03-03,85,SUR PONIENTE,Zona 09,8798829,RECOMPRA,03-03-2026_18.xls,2026-03-03,18,10,2026,85.0,0.0,44000.0,0.0,844000.0,8,105500.0,0.0
20055,3173324,15105,43100.0,342,PHE,RECOMPRA,2026-03-03,342,SUR PONIENTE,Zona 03,34294535,RECOMPRA,03-03-2026_18.xls,2026-03-03,18,10,2026,342.0,0.0,44000.0,0.0,971000.0,9,107888.88888888889,0.0
63601,3173349,15105,33744.0,350,XNZ,RECOMPRA,2026-03-03,350,SUR PONIENTE,Zona 12,35095583,RECOMPRA,03-03-2026_18.xls,2026-03-03,18,10,2026,350.0,0.0,44000.0,0.0,451000.0,1,451000.0,0.0
129702,3173351,15105,11350.0,627,VDN,RECOMPRA,2026-03-03,627,ARCO NORTE,Zona 24,62796115,RECOMPRA,03-03-2026_18.xls,2026-03-03,18,10,2026,627.0,0.0,45000.0,0.0,340000.0,3,113333.33333333333,0.0
47228,3173373,15105,35000.0,981,YDH,RECOMPRA,2026-03-03,981,ARCO NORTE,Zona 34,15194586,RECOMPRA,03-03-2026_18.xls,2026-03-03,18,10,2026,981.0,0.0,60000.0,0.0,590000.0,6,98333.33333333333,0.0
111847,3173982,15105,11350.0,1,SRF,RECOMPRA,2026-03-04,332,SUR PONIENTE,Zona 10,33296172,RECOMPRA,04-03-2026_12.xls,2026-03-04,12,10,2026,,,,,,3,,
33591,3174012,15105,42350.0,1,RNX,RECOMPRA,2026-03-04,642,ARCO NORTE,Zona 40,64294720,RECOMPRA,04-03-2026_12.xls,2026-03-04,12,10,2026,,,,,,3,,
131854,3174158,15105,10350.0,562,XCG,NUEVO,2026-03-04,562,ARCO NORTE,Zona 35,131854,NUEVO,04-03-2026_12.xls,2026-03-04,12,10,2026,562.0,0.0,45000.0,0.0,330000.0,1,45000.0,0.0
107950,3174161,15105,15580.0,345,UIQ,RECOMPRA,2026-03-04,345,SUR PONIENTE,Zona 03,34594742,RECOMPRA,04-03-2026_12.xls,2026-03-04,12,10,2026,345.0,0.0,44000.0,0.0,1155000.0,3,385000.0,0.0
106408,3174210,15105,15000.0,101,LRX,RECOMPRA,2026-03-04,101,SUR PONIENTE,Zona 09,10193571,NUEVO,04-03-2026_12.xls,2026-03-04,12,10,2026,101.0,0.0,44000.0,0.0,387000.0,1,44000.0,0.0
48602,3174238,15105,79800.0,101,LRX,RECOMPRA,2026-03-04,101,SUR PONIENTE,Zona 09,10499203,RECOMPRA,04-03-2026_12.xls,2026-03-04,12,10,2026,101.0,0.0,44000.0,0.0,387000.0,1,387000.0,0.0
126126,3174245,15105,8350.0,603,HLS,RECOMPRA,2026-03-04,603,SUR PONIENTE,Zona 04,81199937,RECOMPRA,04-03-2026_12.xls,2026-03-04,12,10,2026,603.0,0.0,44000.0,0.0,513000.0,2,256500.0,0.0
60525,3174261,15105,34350.0,344,YNB,RECOMPRA,2026-03-04,344,SUR PONIENTE,Zona 07,34498456,RECOMPRA,04-03-2026_12.xls,2026-03-04,12,10,2026,344.0,0.0,44000.0,0.0,712000.0,3,237333.33333333334,0.0
96636,3174290,15105,30350.0,566,LWK,RECOMPRA,2026-03-04,566,ARCO NORTE,Zona 32,56696512,RECOMPRA,04-03-2026_12.xls,2026-03-04,12,10,2026,566.0,0.0,90000.0,0.0,380000.0,1,380000.0,0.0
24598,3174302,15105,30575.0,215,VZY,RECOMPRA,2026-03-04,215,SUR PONIENTE,Zona 02,21595574,RECOMPRA,04-03-2026_12.xls,2026-03-04,12,10,2026,215.0,0.0,44000.0,0.0,504000.0,3,168000.0,0.0
122261,3174335,15105,80574.0,215,VZY,RECOMPRA,2026-03-04,215,SUR PONIENTE,Zona 02,21595531,RECOMPRA,04-03-2026_12.xls,2026-03-04,12,10,2026,215.0,0.0,44000.0,0.0,504000.0,3,168000.0,0.0
47060,3174343,15105,13550.0,343,FLO,RECOMPRA,2026-03-04,343,SUR PONIENTE,Zona 03,34396710,RECOMPRA,04-03-2026_12.xls,2026-03-04,12,10,2026,343.0,0.0,44000.0,0.0,769000.0,2,384500.0,0.0
131855,3174395,15105,28000.0,133,UKD,NUEVO,2026-03-04,133,SUR PONIENTE,Zona 01,131855,NUEVO,04-03-2026_12.xls,2026-03-04,12,10,2026,133.0,0.0,44000.0,0.0,628000.0,1,44000.0,0.0
52322,3174405,15105,10574.0,24,RJL,RECOMPRA,2026-03-04,24,ARCO NORTE,Zona 37,2595387,RECOMPRA,04-03-2026_12.xls,2026-03-04,12,10,2026,24.0,0.0,45000.0,0.0,610000.0,1,610000.0,0.0
111847,3173982,15105,11350.0,1,SRF,RECOMPRA,2026-03-04,332,SUR PONIENTE,Zona 10,33296172,RECOMPRA,04-03-2026_15.xls,2026-03-04,15,10,2026,,,,,,7,,
33591,3174012,15105,42350.0,1,RNX,RECOMPRA,2026-03-04,642,ARCO NORTE,Zona 40,64294720,RECOMPRA,04-03-2026_15.xls,2026-03-04,15,10,2026,,,,,,7,,
131854,3174158,15105,10350.0,562,XCG,NUEVO,2026-03-04,562,ARCO NORTE,Zona 35,131854,NUEVO,04-03-2026_15.xls,2026-03-04,15,10,2026,562.0,0.0,45000.0,0.0,330000.0,1,45000.0,0.0
107950,3174161,15105,15580.0,345,UIQ,RECOMPRA,2026-03-04,345,SUR PONIENTE,Zona 03,34594742,RECOMPRA,04-03-2026_15.xls,2026-03-04,15,10,2026,345.0,0.0,44000.0,0.0,1155000.0,7,165000.0,0.0
106408,3174210,15105,15000.0,101,LRX,RECOMPRA,2026-03-04,101,SUR PONIENTE,Zona 09,10193571,NUEVO,04-03-2026_15.xls,2026-03-04,15,10,2026,101.0,0.0,44000.0,0.0,387000.0,1,44000.0,0.0
48602,3174238,15105,79800.0,101,LRX,RECOMPRA,2026-03-04,101,SUR PONIENTE,Zona 09,10499203,RECOMPRA,04-03-2026_15.xls,2026-03-04,15,10,2026,101.0,0.0,44000.0,0.0,387000.0,2,193500.0,0.0
126126,3174245,15105,8350.0,603,HLS,RECOMPRA,2026-03-04,603,SUR PONIENTE,Zona 04,81199937,RECOMPRA,04-03-2026_15.xls,2026-03-04,15,10,2026,603.0,0.0,44000.0,0.0,513000.0,5,102600.0,0.0
60525,3174261,15105,34350.0,344,YNB,RECOMPRA,2026-03-04,344,SUR PONIENTE,Zona 07,34498456,RECOMPRA,04-03-2026_15.xls,2026-03-04,15,10,2026,344.0,0.0,44000.0,0.0,712000.0,5,142400.0,0.0
96636,3174290,15105,30350.0,566,LWK,RECOMPRA,2026-03-04,566,ARCO NORTE,Zona 32,56696512,RECOMPRA,04-03-2026_15.xls,2026-03-04,15,10,2026,566.0,0.0,90000.0,0.0,380000.0,3,126666.66666666667,0.0
24598,3174302,15105,30575.0,215,VZY,RECOMPRA,2026-03-04,215,SUR PONIENTE,Zona 02,21595574,RECOMPRA,04-03-2026_15.xls,2026-03-04,15,10,2026,215.0,0.0,44000.0,0.0,504000.0,4,126000.0,0.0
122261,3174335,15105,80574.0,215,VZY,RECOMPRA,2026-03-04,215,SUR PONIENTE,Zona 02,21595531,RECOMPRA,04-03-2026_15.xls,2026-03-04,15,10,2026,215.0,0.0,44000.0,0.0,504000.0,4,126000.0,0.0
47060,3174343,15105,13550.0,343,FLO,RECOMPRA,2026-03-04,343,SUR PONIENTE,Zona 03,34396710,RECOMPRA,04-03-2026_15.xls,2026-03-04,15,10,2026,343.0,0.0,44000.0,0.0,769000.0,12,64083.333333333336,0.0
131855,3174395,15105,28000.0,133,UKD,NUEVO,2026-03-04,133,SUR PONIENTE,Zona 01,131855,NUEVO,04-03-2026_15.xls,2026-03-04,15,10,2026,133.0,0.0,44000.0,0.0,628000.0,1,44000.0,0.0
52322,3174405,15105,10574.0,24,RJL,RECOMPRA,2026-03-04,24,ARCO NORTE,Zona 37,2595387,RECOMPRA,04-03-2026_15.xls,2026-03-04,15,10,2026,24.0,0.0,45000.0,0.0,610000.0,2,305000.0,0.0
43820,3174442,15105,21750.0,331,ZGB,RECOMPRA,2026-03-04,331,SUR PONIENTE,Zona 06,32195837,RECOMPRA,04-03-2026_15.xls,2026-03-04,15,10,2026,331.0,0.0,44000.0,0.0,442000.0,1,442000.0,0.0
50037,3174514,15105,44350.0,101,LRX,RECOMPRA,2026-03-04,101,SUR PONIENTE,Zona 09,10498770,RECOMPRA,04-03-2026_15.xls,2026-03-04,15,10,2026,101.0,0.0,44000.0,0.0,387000.0,2,193500.0,0.0
131858,3174521,15105,6350.0,565,XRJ,NUEVO,2026-03-04,565,ARCO NORTE,Zona 32,131858,NUEVO,04-03-2026_15.xls,2026-03-04,15,10,2026,565.0,0.0,60000.0,0.0,300000.0,4,15000.0,0.0
100458,3174530,15105,19350.0,49,QVR,RECOMPRA,2026-03-04,49,ARCO NORTE,Zona 27,4391693,RECOMPRA,04-03-2026_15.xls,2026-03-04,15,10,2026,49.0,0.0,30000.0,0.0,960000.0,4,240000.0,0.0
51584,3174556,15105,18350.0,625,GKD,RECOMPRA,2026-03-04,625,ARCO NORTE,Zona 39,62599140,RECOMPRA,04-03-2026_15.xls,2026-03-04,15,10,2026,625.0,0.0,30000.0,0.0,240000.0,1,240000.0,0.0
112834,3174582,15105,22350.0,352,XPP,RECOMPRA,2026-03-04,352,SUR PONIENTE,Zona 07,35297009,RECOMPRA,04-03-2026_15.xls,2026-03-04,15,10,2026,352.0,0.0,44000.0,0.0,395000.0,1,395000.0,0.0
113671,3174649,15105,55700.0,343,JNP,RECOMPRA,2026-03-04,343,SUR PONIENTE,Zona 03,34395907,RECOMPRA,04-03-2026_15.xls,2026-03-04,15,10,2026,343.0,0.0,44000.0,0.0,769000.0,12,64083.333333333336,0.0
121135,3174658,15105,27000.0,42,ZEI,RECOMPRA,2026-03-04,42,ARCO NORTE,Zona 25,13396090,RECOMPRA,04-03-2026_15.xls,2026-03-04,15,10,2026,42.0,0.0,15000.0,0.0,470000.0,6,78333.33333333333,0.0
69686,3174699,15105,30350.0,32,VRZ,RECOMPRA,2026-03-04,32,SUR PONIENTE,Zona 08,3197307,RECOMPRA,04-03-2026_15.xls,2026-03-04,15,10,2026,32.0,0.0,44000.0,0.0,601000.0,2,300500.0,0.0
45835,3174717,15105,25350.0,51,PCH,RECOMPRA,2026-03-04,51,SUR PONIENTE,Zona 05,5799304,RECOMPRA,04-03-2026_15.xls,2026-03-04,15,10,2026,51.0,0.0,44000.0,0.0,640000.0,5,128000.0,0.0
80754,3174740,15105,39350.0,53,XNP,RECOMPRA,2026-03-04,53,SUR PONIENTE,Zona 05,197412,RECOMPRA,04-03-2026_15.xls,2026-03-04,15,10,2026,53.0,0.0,44000.0,0.0,436000.0,2,218000.0,0.0
127530,3174752,15105,25790.0,342,YFH,RECOMPRA,2026-03-04,342,SUR PONIENTE,Zona 03,34292963,RECOMPRA,04-03-2026_15.xls,2026-03-04,15,10,2026,342.0,0.0,44000.0,0.0,971000.0,9,107888.88888888889,0.0
129373,3174776,15105,9527.0,45,WWZ,RECOMPRA,2026-03-04,45,ARCO NORTE,Zona 34,4591917,RECOMPRA,04-03-2026_15.xls,2026-03-04,15,10,2026,45.0,0.0,60000.0,0.0,670000.0,1,670000.0,0.0
55478,3174810,15105,13350.0,981,YDH,RECOMPRA,2026-03-04,981,ARCO NORTE,Zona 34,98193874,RECOMPRA,04-03-2026_15.xls,2026-03-04,15,10,2026,981.0,0.0,60000.0,0.0,590000.0,4,147500.0,0.0
131865,3174867,15105,13350.0,122,HFW,RECOMPRA,2026-03-04,122,SUR PONIENTE,Zona 09,131865,RECOMPRA,04-03-2026_15.xls,2026-03-04,15,10,2026,122.0,0.0,44000.0,0.0,445000.0,1,445000.0,0.0
131866,3174876,15105,7350.0,123,TXA,NUEVO,2026-03-04,123,ARCO NORTE,Zona 36,131866,NUEVO,04-03-2026_15.xls,2026-03-04,15,10,2026,123.0,0.0,45000.0,0.0,400000.0,2,22500.0,0.0
120992,3174885,15105,16000.0,345,UIQ,RECOMPRA,2026-03-04,345,SUR PONIENTE,Zona 03,34593875,RECOMPRA,04-03-2026_15.xls,2026-03-04,15,10,2026,345.0,0.0,44000.0,0.0,1155000.0,7,165000.0,0.0
131867,3174894,15105,7350.0,565,XRJ,NUEVO,2026-03-04,565,ARCO NORTE,Zona 32,131867,NUEVO,04-03-2026_15.xls,2026-03-04,15,10,2026,565.0,0.0,60000.0,0.0,300000.0,4,15000.0,0.0
111489,3174902,15105,30350.0,53,XNP,RECOMPRA,2026-03-04,53,SUR PONIENTE,Zona 05,5393174,RECOMPRA,04-03-2026_15.xls,2026-03-04,15,10,2026,53.0,0.0,44000.0,0.0,436000.0,2,218000.0,0.0
46561,3174916,15105,48400.0,342,YFH,RECOMPRA,2026-03-04,342,SUR PONIENTE,Zona 03,34298442,RECOMPRA,04-03-2026_15.xls,2026-03-04,15,10,2026,342.0,0.0,44000.0,0.0,971000.0,9,107888.88888888889,0.0
108000,3174921,15105,45744.0,603,HLS,RECOMPRA,2026-03-04,603,SUR PONIENTE,Zona 04,60395595,RECOMPRA,04-03-2026_15.xls,2026-03-04,15,10,2026,603.0,0.0,44000.0,0.0,513000.0,5,102600.0,0.0
107244,3174954,15105,35400.0,1,AEJ,RECOMPRA,2026-03-04,341,SUR PONIENTE,Zona 10,34195185,RECOMPRA,04-03-2026_15.xls,2026-03-04,15,10,2026,,,,,,7,,
58987,3174972,15105,30350.0,561,SUD,RECOMPRA,2026-03-04,561,ARCO NORTE,Zona 35,56295658,RECOMPRA,04-03-2026_15.xls,2026-03-04,15,10,2026,561.0,0.0,45000.0,0.0,650000.0,1,650000.0,0.0
114791,3175016,15105,6350.0,114,YHL,RECOMPRA,2026-03-04,114,ARCO NORTE,Zona 33,195729,RECOMPRA,04-03-2026_15.xls,2026-03-04,15,10,2026,114.0,0.0,75000.0,0.0,590000.0,1,590000.0,0.0
68650,3175068,15105,195084.0,344,WDQ,RECOMPRA,2026-03-04,344,SUR PONIENTE,Zona 07,34498865,RECOMPRA,04-03-2026_15.xls,2026-03-04,15,10,2026,344.0,0.0,44000.0,0.0,712000.0,5,142400.0,0.0
78483,3175071,15105,94350.0,42,ZEI,RECOMPRA,2026-03-04,42,ARCO NORTE,Zona 25,4289982,RECOMPRA,04-03-2026_15.xls,2026-03-04,15,10,2026,42.0,0.0,15000.0,0.0,470000.0,6,78333.33333333333,0.0
105384,3175086,15105,20350.0,42,ZEI,RECOMPRA,2026-03-04,42,ARCO NORTE,Zona 25,4296856,RECOMPRA,04-03-2026_15.xls,2026-03-04,15,10,2026,42.0,0.0,15000.0,0.0,470000.0,6,78333.33333333333,0.0
95654,3175101,15105,12744.0,14,GQG,RECOMPRA,2026-03-04,14,SUR PONIENTE,Zona 02,7295481,RECOMPRA,04-03-2026_15.xls,2026-03-04,15,10,2026,14.0,0.0,44000.0,0.0,637000.0,1,637000.0,0.0
55441,3175116,15105,54350.0,32,VRZ,RECOMPRA,2026-03-04,32,SUR PONIENTE,Zona 08,3292941,RECOMPRA,04-03-2026_15.xls,2026-03-04,15,10,2026,32.0,0.0,44000.0,0.0,601000.0,2,300500.0,0.0
110859,3175131,15105,45350.0,1,SRF,RECOMPRA,2026-03-04,332,SUR PONIENTE,Zona 10,33298687,RECOMPRA,04-03-2026_15.xls,2026-03-04,15,10,2026,,,,,,7,,
41724,3175159,15105,25350.0,48,YNL,RECOMPRA,2026-03-04,48,ARCO NORTE,Zona 29,4699849,RECOMPRA,04-03-2026_15.xls,2026-03-04,15,10,2026,48.0,0.0,60000.0,0.0,1200000.0,2,600000.0,0.0
128968,3175178,15105,15574.0,215,ZDM,RECOMPRA,2026-03-04,215,SUR PONIENTE,Zona 02,6192442,RECOMPRA,04-03-2026_15.xls,2026-03-04,15,10,2026,215.0,0.0,44000.0,0.0,504000.0,4,126000.0,0.0
131869,3175197,15105,5350.0,603,XJH,NUEVO,2026-03-04,603,SUR PONIENTE,Zona 04,131869,NUEVO,04-03-2026_15.xls,2026-03-04,15,10,2026,603.0,0.0,44000.0,0.0,513000.0,1,44000.0,0.0
120752,3175217,15110,14350.0,342,XDF,RECOMPRA,2026-03-04,350,SUR PONIENTE,Zona 12,35096048,RECOMPRA,04-03-2026_15.xls,2026-03-04,15,10,2026,342.0,0.0,44000.0,0.0,971000.0,9,107888.88888888889,0.0
129473,3175233,15105,10350.0,622,UYP,RECOMPRA,2026-03-04,622,ARCO NORTE,Zona 33,62296019,RECOMPRA,04-03-2026_15.xls,2026-03-04,15,10,2026,622.0,0.0,45000.0,0.0,280000.0,1,280000.0,0.0
83594,3175258,15105,58350.0,91,VJU,RECOMPRA,2026-03-04,91,ARCO NORTE,Zona 26,9194540,RECOMPRA,04-03-2026_15.xls,2026-03-04,15,10,2026,91.0,0.0,30000.0,0.0,380000.0,1,380000.0,0.0
79357,3175272,15105,32350.0,211,USB,RECOMPRA,2026-03-04,211,ARCO NORTE,Zona 31,21193343,RECOMPRA,04-03-2026_15.xls,2026-03-04,15,10,2026,211.0,0.0,60000.0,0.0,530000.0,1,530000.0,0.0
131870,3175287,15110,30000.0,55,TTG,RECOMPRA,2026-03-04,55,SUR PONIENTE,Zona 11,131870,RECOMPRA,04-03-2026_15.xls,2026-03-04,15,10,2026,55.0,0.0,44000.0,0.0,634000.0,1,634000.0,0.0
131871,3175291,15105,20350.0,565,YKA,NUEVO,2026-03-04,565,ARCO NORTE,Zona 32,131871,NUEVO,04-03-2026_15.xls,2026-03-04,15,10,2026,565.0,0.0,60000.0,0.0,300000.0,4,15000.0,0.0
48563,3152625,15105,56000.0,343,FLO,RECOMPRA,2026-02-23,343,SUR PONIENTE,Zona 03,34397345,RECOMPRA,23-02-2026_12.xls,2026-02-23,12,9,2026,343.0,0.0,44000.0,0.0,769000.0,5,153800.0,0.0
81680,3152647,15105,9350.0,981,UIJ,RECOMPRA,2026-02-23,981,ARCO NORTE,Zona 34,98193312,RECOMPRA,23-02-2026_12.xls,2026-02-23,12,9,2026,981.0,0.0,60000.0,0.0,590000.0,2,295000.0,0.0
43818,3152662,15105,16500.0,133,ZGB,RECOMPRA,2026-02-23,133,SUR PONIENTE,Zona 01,13398841,RECOMPRA,23-02-2026_12.xls,2026-02-23,12,9,2026,133.0,0.0,44000.0,0.0,628000.0,6,104666.66666666667,0.0
113339,3152692,15105,4250.0,623,LSR,RECOMPRA,2026-02-23,623,ARCO NORTE,Zona 28,195901,RECOMPRA,23-02-2026_12.xls,2026-02-23,12,9,2026,623.0,0.0,30000.0,0.0,280000.0,1,280000.0,0.0
131593,3152717,15110,8350.0,133,DZP,RECOMPRA,2026-02-23,133,SUR PONIENTE,Zona 01,131593,RECOMPRA,23-02-2026_12.xls,2026-02-23,12,9,2026,133.0,0.0,44000.0,0.0,628000.0,6,104666.66666666667,0.0
48563,3152625,15105,56000.0,343,FLO,RECOMPRA,2026-02-23,343,SUR PONIENTE,Zona 03,34397345,RECOMPRA,23-02-2026_15.xls,2026-02-23,15,9,2026,343.0,0.0,44000.0,0.0,769000.0,15,51266.666666666664,0.0
81680,3152647,15105,9350.0,981,UIJ,RECOMPRA,2026-02-23,981,ARCO NORTE,Zona 34,98193312,RECOMPRA,23-02-2026_15.xls,2026-02-23,15,9,2026,981.0,0.0,60000.0,0.0,590000.0,5,118000.0,0.0
43818,3152662,15105,16500.0,133,ZGB,RECOMPRA,2026-02-23,133,SUR PONIENTE,Zona 01,13398841,RECOMPRA,23-02-2026_15.xls,2026-02-23,15,9,2026,133.0,0.0,44000.0,0.0,628000.0,10,62800.0,0.0
113339,3152692,15105,4250.0,623,LSR,RECOMPRA,2026-02-23,623,ARCO NORTE,Zona 28,195901,RECOMPRA,23-02-2026_15.xls,2026-02-23,15,9,2026,623.0,0.0,30000.0,0.0,280000.0,5,56000.0,0.0
131593,3152717,15110,8350.0,133,DZP,RECOMPRA,2026-02-23,133,SUR PONIENTE,Zona 01,131593,RECOMPRA,23-02-2026_15.xls,2026-02-23,15,9,2026,133.0,0.0,44000.0,0.0,628000.0,10,62800.0,0.0
47634,3152759,15105,10350.0,55,TTG,RECOMPRA,2026-02-23,55,SUR PONIENTE,Zona 11,5597404,RECOMPRA,23-02-2026_15.xls,2026-02-23,15,9,2026,55.0,0.0,44000.0,0.0,634000.0,4,158500.0,0.0
105392,3152816,15105,21350.0,123,ZFF,RECOMPRA,2026-02-23,123,ARCO NORTE,Zona 36,34795514,RECOMPRA,23-02-2026_15.xls,2026-02-23,15,9,2026,123.0,0.0,45000.0,0.0,400000.0,6,66666.66666666667,0.0
65834,3152825,15105,61800.0,49,QVR,RECOMPRA,2026-02-23,49,ARCO NORTE,Zona 27,4496299,RECOMPRA,23-02-2026_15.xls,2026-02-23,15,9,2026,49.0,0.0,30000.0,0.0,960000.0,6,160000.0,0.0
70824,3152832,15105,45955.0,628,ZFA,RECOMPRA,2026-02-23,628,ARCO NORTE,Zona 30,62897374,RECOMPRA,23-02-2026_15.xls,2026-02-23,15,9,2026,628.0,0.0,30000.0,0.0,590000.0,4,147500.0,0.0
67573,3152849,15105,30350.0,642,ZGB,RECOMPRA,2026-02-23,642,ARCO NORTE,Zona 32,56199296,RECOMPRA,23-02-2026_15.xls,2026-02-23,15,9,2026,642.0,0.0,60000.0,0.0,350000.0,1,350000.0,0.0
72390,3152852,15105,10580.0,344,YNB,RECOMPRA,2026-02-23,344,SUR PONIENTE,Zona 07,34594250,RECOMPRA,23-02-2026_15.xls,2026-02-23,15,9,2026,344.0,0.0,44000.0,0.0,712000.0,13,54769.230769230766,0.0
46151,3152881,15105,34800.0,345,PQT,RECOMPRA,2026-02-23,345,SUR PONIENTE,Zona 03,34597083,RECOMPRA,23-02-2026_15.xls,2026-02-23,15,9,2026,345.0,0.0,44000.0,0.0,1155000.0,12,96250.0,0.0
47452,3152903,15105,18744.0,602,HLS,RECOMPRA,2026-02-23,603,SUR PONIENTE,Zona 04,60396880,RECOMPRA,23-02-2026_15.xls,2026-02-23,15,9,2026,602.0,0.0,44000.0,0.0,275000.0,1,275000.0,0.0
76259,3152925,15105,34640.0,342,PHE,RECOMPRA,2026-02-23,342,SUR PONIENTE,Zona 03,34293355,RECOMPRA,23-02-2026_15.xls,2026-02-23,15,9,2026,342.0,0.0,44000.0,0.0,971000.0,7,138714.2857142857,0.0
47763,3152935,15105,10350.0,352,XVL,RECOMPRA,2026-02-23,352,SUR PONIENTE,Zona 07,31297347,NUEVO,23-02-2026_15.xls,2026-02-23,15,9,2026,352.0,0.0,44000.0,0.0,395000.0,3,14666.666666666666,0.0
60940,3152949,15105,16100.0,49,QVR,RECOMPRA,2026-02-23,49,ARCO NORTE,Zona 27,4998906,RECOMPRA,23-02-2026_15.xls,2026-02-23,15,9,2026,49.0,0.0,30000.0,0.0,960000.0,6,160000.0,0.0
43451,3152967,15105,23750.0,343,FLO,RECOMPRA,2026-02-23,343,SUR PONIENTE,Zona 03,34394798,RECOMPRA,23-02-2026_15.xls,2026-02-23,15,9,2026,343.0,0.0,44000.0,0.0,769000.0,15,51266.666666666664,0.0
85220,3152977,15105,25350.0,55,GZO,RECOMPRA,2026-02-23,55,SUR PONIENTE,Zona 11,5293371,RECOMPRA,23-02-2026_15.xls,2026-02-23,15,9,2026,55.0,0.0,44000.0,0.0,634000.0,4,158500.0,0.0
126605,3152981,15110,5350.0,42,ZEI,RECOMPRA,2026-02-23,42,ARCO NORTE,Zona 25,4290422,RECOMPRA,23-02-2026_15.xls,2026-02-23,15,9,2026,42.0,0.0,15000.0,0.0,470000.0,4,117500.0,0.0
45505,3153024,15105,43350.0,628,ZFA,RECOMPRA,2026-02-23,628,ARCO NORTE,Zona 30,62899273,RECOMPRA,23-02-2026_15.xls,2026-02-23,15,9,2026,628.0,0.0,30000.0,0.0,590000.0,4,147500.0,0.0
43635,3153062,15105,15744.0,22,ABH,RECOMPRA,2026-02-23,22,ARCO NORTE,Zona 27,2197820,RECOMPRA,23-02-2026_15.xls,2026-02-23,15,9,2026,22.0,0.0,60000.0,0.0,1140000.0,7,162857.14285714287,0.0
90700,3153171,15105,10774.0,26,BFF,RECOMPRA,2026-02-23,26,ARCO NORTE,Zona 37,2999496,RECOMPRA,23-02-2026_15.xls,2026-02-23,15,9,2026,26.0,0.0,30000.0,0.0,280000.0,2,140000.0,0.0
67822,3153217,15105,14350.0,343,FLO,RECOMPRA,2026-02-23,343,SUR PONIENTE,Zona 03,34397021,RECOMPRA,23-02-2026_15.xls,2026-02-23,15,9,2026,343.0,0.0,44000.0,0.0,769000.0,15,51266.666666666664,0.0
127238,3153277,15105,12574.0,342,PHE,RECOMPRA,2026-02-23,342,SUR PONIENTE,Zona 03,34299615,RECOMPRA,23-02-2026_15.xls,2026-02-23,15,9,2026,342.0,0.0,44000.0,0.0,971000.0,7,138714.2857142857,0.0
74548,3153286,15105,48000.0,343,FLO,RECOMPRA,2026-02-23,343,SUR PONIENTE,Zona 03,34397613,RECOMPRA,23-02-2026_15.xls,2026-02-23,15,9,2026,343.0,0.0,44000.0,0.0,769000.0,15,51266.666666666664,0.0
111669,3153291,15105,17500.0,343,TUL,RECOMPRA,2026-02-23,343,SUR PONIENTE,Zona 03,34394252,RECOMPRA,23-02-2026_15.xls,2026-02-23,15,9,2026,343.0,0.0,44000.0,0.0,769000.0,15,51266.666666666664,0.0
59144,3153317,15105,8350.0,346,RTW,RECOMPRA,2026-02-23,346,ARCO NORTE,Zona 31,34698159,RECOMPRA,23-02-2026_15.xls,2026-02-23,15,9,2026,346.0,0.0,60000.0,0.0,430000.0,4,107500.0,0.0
99649,3153333,15105,10350.0,85,CLD,RECOMPRA,2026-02-23,85,SUR PONIENTE,Zona 09,8194985,RECOMPRA,23-02-2026_15.xls,2026-02-23,15,9,2026,85.0,0.0,44000.0,0.0,844000.0,5,168800.0,0.0
72467,3153402,15105,60350.0,343,FLO,RECOMPRA,2026-02-23,343,SUR PONIENTE,Zona 03,34397563,NUEVO,23-02-2026_15.xls,2026-02-23,15,9,2026,343.0,0.0,44000.0,0.0,769000.0,2,22000.0,0.0
48563,3152625,15105,56000.0,343,FLO,RECOMPRA,2026-02-23,343,SUR PONIENTE,Zona 03,34397345,RECOMPRA,23-02-2026_18.xls,2026-02-23,18,9,2026,343.0,0.0,44000.0,0.0,769000.0,20,38450.0,0.0
81680,3152647,15105,9350.0,981,UIJ,RECOMPRA,2026-02-23,981,ARCO NORTE,Zona 34,98193312,RECOMPRA,23-02-2026_18.xls,2026-02-23,18,9,2026,981.0,0.0,60000.0,0.0,590000.0,10,59000.0,0.0
43818,3152662,15105,16500.0,133,ZGB,RECOMPRA,2026-02-23,133,SUR PONIENTE,Zona 01,13398841,RECOMPRA,23-02-2026_18.xls,2026-02-23,18,9,2026,133.0,0.0,44000.0,0.0,628000.0,18,34888.88888888889,0.0
113339,3152692,15105,4250.0,623,LSR,RECOMPRA,2026-02-23,623,ARCO NORTE,Zona 28,195901,RECOMPRA,23-02-2026_18.xls,2026-02-23,18,9,2026,623.0,0.0,30000.0,0.0,280000.0,12,23333.333333333332,0.0
131593,3152717,15110,8350.0,133,DZP,RECOMPRA,2026-02-23,133,SUR PONIENTE,Zona 01,131593,RECOMPRA,23-02-2026_18.xls,2026-02-23,18,9,2026,133.0,0.0,44000.0,0.0,628000.0,18,34888.88888888889,0.0
47634,3152759,15105,10350.0,55,TTG,RECOMPRA,2026-02-23,55,SUR PONIENTE,Zona 11,5597404,RECOMPRA,23-02-2026_18.xls,2026-02-23,18,9,2026,55.0,0.0,44000.0,0.0,634000.0,11,57636.36363636364,0.0
105392,3152816,15105,21350.0,123,ZFF,RECOMPRA,2026-02-23,123,ARCO NORTE,Zona 36,34795514,RECOMPRA,23-02-2026_18.xls,2026-02-23,18,9,2026,123.0,0.0,45000.0,0.0,400000.0,6,66666.66666666667,0.0
65834,3152825,15105,61800.0,49,QVR,RECOMPRA,2026-02-23,49,ARCO NORTE,Zona 27,4496299,RECOMPRA,23-02-2026_18.xls,2026-02-23,18,9,2026,49.0,0.0,30000.0,0.0,960000.0,14,68571.42857142857,0.0
70824,3152832,15105,45955.0,628,ZFA,RECOMPRA,2026-02-23,628,ARCO NORTE,Zona 30,62897374,RECOMPRA,23-02-2026_18.xls,2026-02-23,18,9,2026,628.0,0.0,30000.0,0.0,590000.0,6,98333.33333333333,0.0
67573,3152849,15105,30350.0,642,ZGB,RECOMPRA,2026-02-23,642,ARCO NORTE,Zona 32,56199296,RECOMPRA,23-02-2026_18.xls,2026-02-23,18,9,2026,642.0,0.0,60000.0,0.0,350000.0,3,116666.66666666667,0.0
72390,3152852,15105,10580.0,344,YNB,RECOMPRA,2026-02-23,344,SUR PONIENTE,Zona 07,34594250,RECOMPRA,23-02-2026_18.xls,2026-02-23,18,9,2026,344.0,0.0,44000.0,0.0,712000.0,29,24551.724137931036,0.0
46151,3152881,15105,34800.0,345,PQT,RECOMPRA,2026-02-23,345,SUR PONIENTE,Zona 03,34597083,RECOMPRA,23-02-2026_18.xls,2026-02-23,18,9,2026,345.0,0.0,44000.0,0.0,1155000.0,13,88846.15384615384,0.0
47452,3152903,15105,18744.0,602,HLS,RECOMPRA,2026-02-23,603,SUR PONIENTE,Zona 04,60396880,RECOMPRA,23-02-2026_18.xls,2026-02-23,18,9,2026,602.0,0.0,44000.0,0.0,275000.0,2,137500.0,0.0
76259,3152925,15105,34640.0,342,PHE,RECOMPRA,2026-02-23,342,SUR PONIENTE,Zona 03,34293355,RECOMPRA,23-02-2026_18.xls,2026-02-23,18,9,2026,342.0,0.0,44000.0,0.0,971000.0,19,51105.26315789474,0.0
47763,3152935,15105,10350.0,352,XVL,RECOMPRA,2026-02-23,352,SUR PONIENTE,Zona 07,31297347,NUEVO,23-02-2026_18.xls,2026-02-23,18,9,2026,352.0,0.0,44000.0,0.0,395000.0,3,14666.666666666666,0.0
60940,3152949,15105,16100.0,49,QVR,RECOMPRA,2026-02-23,49,ARCO NORTE,Zona 27,4998906,RECOMPRA,23-02-2026_18.xls,2026-02-23,18,9,2026,49.0,0.0,30000.0,0.0,960000.0,14,68571.42857142857,0.0
43451,3152967,15105,23750.0,343,FLO,RECOMPRA,2026-02-23,343,SUR PONIENTE,Zona 03,34394798,RECOMPRA,23-02-2026_18.xls,2026-02-23,18,9,2026,343.0,0.0,44000.0,0.0,769000.0,20,38450.0,0.0
85220,3152977,15105,25350.0,55,GZO,RECOMPRA,2026-02-23,55,SUR PONIENTE,Zona 11,5293371,RECOMPRA,23-02-2026_18.xls,2026-02-23,18,9,2026,55.0,0.0,44000.0,0.0,634000.0,11,57636.36363636364,0.0
126605,3152981,15110,5350.0,42,ZEI,RECOMPRA,2026-02-23,42,ARCO NORTE,Zona 25,4290422,RECOMPRA,23-02-2026_18.xls,2026-02-23,18,9,2026,42.0,0.0,15000.0,0.0,470000.0,6,78333.33333333333,0.0
45505,3153024,15105,43350.0,628,ZFA,RECOMPRA,2026-02-23,628,ARCO NORTE,Zona 30,62899273,RECOMPRA,23-02-2026_18.xls,2026-02-23,18,9,2026,628.0,0.0,30000.0,0.0,590000.0,6,98333.33333333333,0.0
43635,3153062,15105,15744.0,22,ABH,RECOMPRA,2026-02-23,22,ARCO NORTE,Zona 27,2197820,RECOMPRA,23-02-2026_18.xls,2026-02-23,18,9,2026,22.0,0.0,60000.0,0.0,1140000.0,11,103636.36363636363,0.0
90700,3153171,15105,10774.0,26,BFF,RECOMPRA,2026-02-23,26,ARCO NORTE,Zona 37,2999496,RECOMPRA,23-02-2026_18.xls,2026-02-23,18,9,2026,26.0,0.0,30000.0,0.0,280000.0,5,56000.0,0.0
67822,3153217,15105,14350.0,343,FLO,RECOMPRA,2026-02-23,343,SUR PONIENTE,Zona 03,34397021,RECOMPRA,23-02-2026_18.xls,2026-02-23,18,9,2026,343.0,0.0,44000.0,0.0,769000.0,20,38450.0,0.0
127238,3153277,15105,12574.0,342,PHE,RECOMPRA,2026-02-23,342,SUR PONIENTE,Zona 03,34299615,RECOMPRA,23-02-2026_18.xls,2026-02-23,18,9,2026,342.0,0.0,44000.0,0.0,971000.0,19,51105.26315789474,0.0
74548,3153286,15105,48000.0,343,FLO,RECOMPRA,2026-02-23,343,SUR PONIENTE,Zona 03,34397613,RECOMPRA,23-02-2026_18.xls,2026-02-23,18,9,2026,343.0,0.0,44000.0,0.0,769000.0,20,38450.0,0.0
111669,3153291,15105,17500.0,343,TUL,RECOMPRA,2026-02-23,343,SUR PONIENTE,Zona 03,34394252,RECOMPRA,23-02-2026_18.xls,2026-02-23,18,9,2026,343.0,0.0,44000.0,0.0,769000.0,20,38450.0,0.0
59144,3153317,15105,8350.0,346,RTW,RECOMPRA,2026-02-23,346,ARCO NORTE,Zona 31,34698159,RECOMPRA,23-02-2026_18.xls,2026-02-23,18,9,2026,346.0,0.0,60000.0,0.0,430000.0,5,86000.0,0.0
99649,3153333,15105,10350.0,85,CLD,RECOMPRA,2026-02-23,85,SUR PONIENTE,Zona 09,8194985,RECOMPRA,23-02-2026_18.xls,2026-02-23,18,9,2026,85.0,0.0,44000.0,0.0,844000.0,13,64923.07692307692,0.0
72467,3153402,15105,60350.0,343,FLO,RECOMPRA,2026-02-23,343,SUR PONIENTE,Zona 03,34397563,NUEVO,23-02-2026_18.xls,2026-02-23,18,9,2026,343.0,0.0,44000.0,0.0,769000.0,4,11000.0,0.0
83337,3153411,15105,15350.0,981,UQU,RECOMPRA,2026-02-23,981,ARCO NORTE,Zona 34,98195056,RECOMPRA,23-02-2026_18.xls,2026-02-23,18,9,2026,981.0,0.0,60000.0,0.0,590000.0,10,59000.0,0.0
58291,3153436,15105,23350.0,133,UKD,RECOMPRA,2026-02-23,133,SUR PONIENTE,Zona 01,13396739,RECOMPRA,23-02-2026_18.xls,2026-02-23,18,9,2026,133.0,0.0,44000.0,0.0,628000.0,18,34888.88888888889,0.0
115071,3153445,15105,43350.0,211,USB,RECOMPRA,2026-02-23,211,ARCO NORTE,Zona 31,21193203,RECOMPRA,23-02-2026_18.xls,2026-02-23,18,9,2026,211.0,0.0,60000.0,0.0,530000.0,10,53000.0,0.0
76521,3153454,15105,8900.0,133,DZP,RECOMPRA,2026-02-23,133,SUR PONIENTE,Zona 01,13497515,RECOMPRA,23-02-2026_18.xls,2026-02-23,18,9,2026,133.0,0.0,44000.0,0.0,628000.0,18,34888.88888888889,0.0
52174,3153474,15105,50800.0,311,TLZ,RECOMPRA,2026-02-23,311,SUR PONIENTE,Zona 06,31299300,RECOMPRA,23-02-2026_18.xls,2026-02-23,18,9,2026,311.0,0.0,44000.0,0.0,446000.0,4,111500.0,0.0
92792,3153508,15105,5350.0,45,WWZ,RECOMPRA,2026-02-23,45,ARCO NORTE,Zona 34,4593503,RECOMPRA,23-02-2026_18.xls,2026-02-23,18,9,2026,45.0,0.0,60000.0,0.0,670000.0,17,39411.76470588235,0.0
73311,3153517,15105,10350.0,344,VBX,RECOMPRA,2026-02-23,344,SUR PONIENTE,Zona 07,34598341,RECOMPRA,23-02-2026_18.xls,2026-02-23,18,9,2026,344.0,0.0,44000.0,0.0,712000.0,29,24551.724137931036,0.0
45773,3153527,15105,44350.0,133,DZP,RECOMPRA,2026-02-23,133,SUR PONIENTE,Zona 01,13496057,RECOMPRA,23-02-2026_18.xls,2026-02-23,18,9,2026,133.0,0.0,44000.0,0.0,628000.0,18,34888.88888888889,0.0
131601,3153532,15105,50000.0,133,DZP,NUEVO,2026-02-23,133,SUR PONIENTE,Zona 01,131601,NUEVO,23-02-2026_18.xls,2026-02-23,18,9,2026,133.0,0.0,44000.0,0.0,628000.0,3,14666.666666666666,0.0
96320,3153561,15105,20350.0,32,VRZ,RECOMPRA,2026-02-23,32,SUR PONIENTE,Zona 08,3295294,RECOMPRA,23-02-2026_18.xls,2026-02-23,18,9,2026,32.0,0.0,44000.0,0.0,601000.0,12,50083.333333333336,0.0
131602,3153579,15105,50000.0,61,HQZ,NUEVO,2026-02-23,61,SUR PONIENTE,Zona 02,131602,NUEVO,23-02-2026_18.xls,2026-02-23,18,9,2026,61.0,0.0,44000.0,0.0,443000.0,1,44000.0,0.0
99289,3153593,15105,15350.0,623,EFU,RECOMPRA,2026-02-23,621,ARCO NORTE,Zona 28,62196114,RECOMPRA,23-02-2026_18.xls,2026-02-23,18,9,2026,623.0,0.0,30000.0,0.0,280000.0,12,23333.333333333332,0.0
64143,3153608,15105,28000.0,342,YFH,RECOMPRA,2026-02-23,342,SUR PONIENTE,Zona 03,34293441,RECOMPRA,23-02-2026_18.xls,2026-02-23,18,9,2026,342.0,0.0,44000.0,0.0,971000.0,19,51105.26315789474,0.0
75667,3153611,15105,50350.0,344,YNB,RECOMPRA,2026-02-23,344,SUR PONIENTE,Zona 07,34497951,RECOMPRA,23-02-2026_18.xls,2026-02-23,18,9,2026,344.0,0.0,44000.0,0.0,712000.0,29,24551.724137931036,0.0
72841,3153635,15105,12500.0,343,FLO,RECOMPRA,2026-02-23,343,SUR PONIENTE,Zona 03,34394911,RECOMPRA,23-02-2026_18.xls,2026-02-23,18,9,2026,343.0,0.0,44000.0,0.0,769000.0,20,38450.0,0.0
129010,3153659,15105,8350.0,48,YOW,RECOMPRA,2026-02-23,48,ARCO NORTE,Zona 29,4892780,RECOMPRA,23-02-2026_18.xls,2026-02-23,18,9,2026,48.0,0.0,60000.0,0.0,1200000.0,6,200000.0,0.0
46971,3153667,15105,250350.0,113,WJA,RECOMPRA,2026-02-23,114,ARCO NORTE,Zona 33,11298133,RECOMPRA,23-02-2026_18.xls,2026-02-23,18,9,2026,,,,,,1,,
94282,3153682,15105,18350.0,563,RNK,RECOMPRA,2026-02-23,563,ARCO NORTE,Zona 38,56395762,RECOMPRA,23-02-2026_18.xls,2026-02-23,18,9,2026,563.0,0.0,60000.0,0.0,400000.0,8,50000.0,0.0
58161,3153691,15105,14719.0,602,ZGB,RECOMPRA,2026-02-23,602,SUR PONIENTE,Zona 04,60296308,RECOMPRA,23-02-2026_18.xls,2026-02-23,18,9,2026,602.0,0.0,44000.0,0.0,275000.0,2,137500.0,0.0
104444,3153712,15105,18350.0,350,XNZ,RECOMPRA,2026-02-23,350,SUR PONIENTE,Zona 12,35095534,RECOMPRA,23-02-2026_18.xls,2026-02-23,18,9,2026,350.0,0.0,44000.0,0.0,451000.0,4,112750.0,0.0
79040,3153726,15105,15350.0,566,LWK,RECOMPRA,2026-02-23,566,ARCO NORTE,Zona 32,56698248,RECOMPRA,23-02-2026_18.xls,2026-02-23,18,9,2026,566.0,0.0,90000.0,0.0,380000.0,12,31666.666666666668,0.0
46889,3153748,15105,20774.0,26,BFF,RECOMPRA,2026-02-23,26,ARCO NORTE,Zona 37,2697364,RECOMPRA,23-02-2026_18.xls,2026-02-23,18,9,2026,26.0,0.0,30000.0,0.0,280000.0,5,56000.0,0.0
33388,3153768,15105,15350.0,563,RNK,RECOMPRA,2026-02-23,563,ARCO NORTE,Zona 38,56396272,RECOMPRA,23-02-2026_18.xls,2026-02-23,18,9,2026,563.0,0.0,60000.0,0.0,400000.0,8,50000.0,0.0
85596,3153810,15105,25350.0,151,UIJ,RECOMPRA,2026-02-23,981,ARCO NORTE,Zona 34,15197587,RECOMPRA,23-02-2026_18.xls,2026-02-23,18,9,2026,,,,,,1,,
85179,3153831,15105,6350.0,344,YNB,RECOMPRA,2026-02-23,344,SUR PONIENTE,Zona 07,34496824,RECOMPRA,23-02-2026_18.xls,2026-02-23,18,9,2026,344.0,0.0,44000.0,0.0,712000.0,29,24551.724137931036,0.0
47271,3153841,15105,9350.0,350,XDF,RECOMPRA,2026-02-23,350,SUR PONIENTE,Zona 12,35095639,RECOMPRA,23-02-2026_18.xls,2026-02-23,18,9,2026,350.0,0.0,44000.0,0.0,451000.0,4,112750.0,0.0
45287,3153861,15105,10750.0,331,XOF,RECOMPRA,2026-02-23,331,SUR PONIENTE,Zona 06,33196530,RECOMPRA,23-02-2026_18.xls,2026-02-23,18,9,2026,331.0,0.0,44000.0,0.0,442000.0,10,44200.0,0.0
59028,3153874,15105,70000.0,313,VFC,RECOMPRA,2026-02-23,313,SUR PONIENTE,Zona 10,31397880,RECOMPRA,23-02-2026_18.xls,2026-02-23,18,9,2026,313.0,0.0,44000.0,0.0,429000.0,4,107250.0,0.0
91710,3153902,15105,8350.0,344,YNB,RECOMPRA,2026-02-23,344,SUR PONIENTE,Zona 07,34496732,RECOMPRA,23-02-2026_18.xls,2026-02-23,18,9,2026,344.0,0.0,44000.0,0.0,712000.0,29,24551.724137931036,0.0
81903,3153935,15105,31350.0,344,VBX,RECOMPRA,2026-02-23,344,SUR PONIENTE,Zona 07,34594191,RECOMPRA,23-02-2026_18.xls,2026-02-23,18,9,2026,344.0,0.0,44000.0,0.0,712000.0,29,24551.724137931036,0.0
121081,3153941,15105,41900.0,51,WJX,RECOMPRA,2026-02-23,51,SUR PONIENTE,Zona 05,5195238,RECOMPRA,23-02-2026_18.xls,2026-02-23,18,9,2026,51.0,0.0,44000.0,0.0,640000.0,13,49230.769230769234,0.0
62461,3153953,15105,28350.0,346,UYE,RECOMPRA,2026-02-23,346,ARCO NORTE,Zona 31,34696566,RECOMPRA,23-02-2026_18.xls,2026-02-23,18,9,2026,346.0,0.0,60000.0,0.0,430000.0,5,86000.0,0.0
131607,3154036,15105,10744.0,342,YFH,NUEVO,2026-02-23,342,SUR PONIENTE,Zona 03,131607,NUEVO,23-02-2026_18.xls,2026-02-23,18,9,2026,342.0,0.0,44000.0,0.0,971000.0,3,14666.666666666666,0.0
41507,3154091,15105,23000.0,211,USB,RECOMPRA,2026-02-23,211,ARCO NORTE,Zona 31,21194825,RECOMPRA,23-02-2026_18.xls,2026-02-23,18,9,2026,211.0,0.0,60000.0,0.0,530000.0,10,53000.0,0.0
77872,3154122,15105,97351.0,131,PPW,RECOMPRA,2026-02-23,131,SUR PONIENTE,Zona 01,13194784,RECOMPRA,23-02-2026_18.xls,2026-02-23,18,9,2026,131.0,0.0,44000.0,0.0,322000.0,5,64400.0,0.0
47832,3154587,15105,46000.0,45,WSP,RECOMPRA,2026-02-24,45,ARCO NORTE,Zona 34,4599581,RECOMPRA,24-02-2026_12.xls,2026-02-24,12,9,2026,45.0,0.0,60000.0,0.0,670000.0,3,223333.33333333334,0.0
55513,3154592,15105,15350.0,45,WZI,RECOMPRA,2026-02-24,45,ARCO NORTE,Zona 34,4593006,RECOMPRA,24-02-2026_12.xls,2026-02-24,12,9,2026,45.0,0.0,60000.0,0.0,670000.0,3,223333.33333333334,0.0
95778,3154600,15105,25350.0,56,HHW,RECOMPRA,2026-02-24,56,SUR PONIENTE,Zona 11,5698855,NUEVO,24-02-2026_12.xls,2026-02-24,12,9,2026,56.0,0.0,44000.0,0.0,294000.0,1,44000.0,0.0
107504,3154612,15105,28350.0,625,GKD,RECOMPRA,2026-02-24,625,ARCO NORTE,Zona 39,62596022,RECOMPRA,24-02-2026_12.xls,2026-02-24,12,9,2026,625.0,0.0,30000.0,0.0,240000.0,2,120000.0,0.0
101994,3154621,15105,20350.0,42,ZEI,RECOMPRA,2026-02-24,42,ARCO NORTE,Zona 25,4395301,RECOMPRA,24-02-2026_12.xls,2026-02-24,12,9,2026,42.0,0.0,15000.0,0.0,470000.0,1,470000.0,0.0
47102,3154631,15105,35350.0,336,TOT,RECOMPRA,2026-02-24,336,SUR PONIENTE,Zona 06,31197970,RECOMPRA,24-02-2026_12.xls,2026-02-24,12,9,2026,336.0,0.0,44000.0,0.0,252000.0,2,126000.0,0.0
131611,3154641,15105,5350.0,561,XHZ,NUEVO,2026-02-24,561,ARCO NORTE,Zona 35,131611,NUEVO,24-02-2026_12.xls,2026-02-24,12,9,2026,561.0,0.0,45000.0,0.0,650000.0,2,22500.0,0.0
124371,3154678,15105,20000.0,343,JNP,RECOMPRA,2026-02-24,343,SUR PONIENTE,Zona 03,34394150,RECOMPRA,24-02-2026_12.xls,2026-02-24,12,9,2026,343.0,0.0,44000.0,0.0,769000.0,5,153800.0,0.0
127185,3154707,15105,8000.0,22,ABH,RECOMPRA,2026-02-24,22,ARCO NORTE,Zona 27,81299932,RECOMPRA,24-02-2026_12.xls,2026-02-24,12,9,2026,22.0,0.0,60000.0,0.0,1140000.0,2,570000.0,0.0
105917,3154719,15105,14351.0,131,PPW,RECOMPRA,2026-02-24,131,SUR PONIENTE,Zona 01,13193281,NUEVO,24-02-2026_12.xls,2026-02-24,12,9,2026,131.0,0.0,44000.0,0.0,322000.0,2,22000.0,0.0
47125,3154722,15105,15351.0,133,XAI,RECOMPRA,2026-02-24,133,SUR PONIENTE,Zona 01,13399384,RECOMPRA,24-02-2026_12.xls,2026-02-24,12,9,2026,133.0,0.0,44000.0,0.0,628000.0,6,104666.66666666667,0.0
74939,3154769,15105,12350.0,343,FLO,RECOMPRA,2026-02-24,343,SUR PONIENTE,Zona 03,34399879,NUEVO,24-02-2026_12.xls,2026-02-24,12,9,2026,343.0,0.0,44000.0,0.0,769000.0,1,44000.0,0.0
46722,3154773,15105,43350.0,133,UKD,RECOMPRA,2026-02-24,133,SUR PONIENTE,Zona 01,13396609,RECOMPRA,24-02-2026_12.xls,2026-02-24,12,9,2026,133.0,0.0,44000.0,0.0,628000.0,6,104666.66666666667,0.0
40937,3154849,15105,41744.0,24,RJL,RECOMPRA,2026-02-24,24,ARCO NORTE,Zona 37,2492279,RECOMPRA,24-02-2026_12.xls,2026-02-24,12,9,2026,24.0,0.0,45000.0,0.0,610000.0,1,610000.0,0.0
131612,3154854,15105,5350.0,642,WSN,NUEVO,2026-02-24,642,ARCO NORTE,Zona 40,131612,NUEVO,24-02-2026_12.xls,2026-02-24,12,9,2026,642.0,0.0,60000.0,0.0,350000.0,1,60000.0,0.0
47832,3154587,15105,46000.0,45,WSP,RECOMPRA,2026-02-24,45,ARCO NORTE,Zona 34,4599581,RECOMPRA,24-02-2026_15.xls,2026-02-24,15,9,2026,45.0,0.0,60000.0,0.0,670000.0,9,74444.44444444444,0.0
55513,3154592,15105,15350.0,45,WZI,RECOMPRA,2026-02-24,45,ARCO NORTE,Zona 34,4593006,RECOMPRA,24-02-2026_15.xls,2026-02-24,15,9,2026,45.0,0.0,60000.0,0.0,670000.0,9,74444.44444444444,0.0
95778,3154600,15105,25350.0,56,HHW,RECOMPRA,2026-02-24,56,SUR PONIENTE,Zona 11,5698855,NUEVO,24-02-2026_15.xls,2026-02-24,15,9,2026,56.0,0.0,44000.0,0.0,294000.0,1,44000.0,0.0
107504,3154612,15105,28350.0,625,GKD,RECOMPRA,2026-02-24,625,ARCO NORTE,Zona 39,62596022,RECOMPRA,24-02-2026_15.xls,2026-02-24,15,9,2026,625.0,0.0,30000.0,0.0,240000.0,3,80000.0,0.0
101994,3154621,15105,20350.0,42,ZEI,RECOMPRA,2026-02-24,42,ARCO NORTE,Zona 25,4395301,RECOMPRA,24-02-2026_15.xls,2026-02-24,15,9,2026,42.0,0.0,15000.0,0.0,470000.0,4,117500.0,0.0
47102,3154631,15105,35350.0,336,TOT,RECOMPRA,2026-02-24,336,SUR PONIENTE,Zona 06,31197970,RECOMPRA,24-02-2026_15.xls,2026-02-24,15,9,2026,336.0,0.0,44000.0,0.0,252000.0,3,84000.0,0.0
131611,3154641,15105,5350.0,561,XHZ,NUEVO,2026-02-24,561,ARCO NORTE,Zona 35,131611,NUEVO,24-02-2026_15.xls,2026-02-24,15,9,2026,561.0,0.0,45000.0,0.0,650000.0,2,22500.0,0.0
124371,3154678,15105,20000.0,343,JNP,RECOMPRA,2026-02-24,343,SUR PONIENTE,Zona 03,34394150,RECOMPRA,24-02-2026_15.xls,2026-02-24,15,9,2026,343.0,0.0,44000.0,0.0,769000.0,15,51266.666666666664,0.0
127185,3154707,15105,8000.0,22,ABH,RECOMPRA,2026-02-24,22,ARCO NORTE,Zona 27,81299932,RECOMPRA,24-02-2026_15.xls,2026-02-24,15,9,2026,22.0,0.0,60000.0,0.0,1140000.0,7,162857.14285714287,0.0
105917,3154719,15105,14351.0,131,PPW,RECOMPRA,2026-02-24,131,SUR PONIENTE,Zona 01,13193281,NUEVO,24-02-2026_15.xls,2026-02-24,15,9,2026,131.0,0.0,44000.0,0.0,322000.0,3,14666.666666666666,0.0
47125,3154722,15105,15351.0,133,XAI,RECOMPRA,2026-02-24,133,SUR PONIENTE,Zona 01,13399384,RECOMPRA,24-02-2026_15.xls,2026-02-24,15,9,2026,133.0,0.0,44000.0,0.0,628000.0,10,62800.0,0.0
74939,3154769,15105,12350.0,343,FLO,RECOMPRA,2026-02-24,343,SUR PONIENTE,Zona 03,34399879,NUEVO,24-02-2026_15.xls,2026-02-24,15,9,2026,343.0,0.0,44000.0,0.0,769000.0,2,22000.0,0.0
46722,3154773,15105,43350.0,133,UKD,RECOMPRA,2026-02-24,133,SUR PONIENTE,Zona 01,13396609,RECOMPRA,24-02-2026_15.xls,2026-02-24,15,9,2026,133.0,0.0,44000.0,0.0,628000.0,10,62800.0,0.0
40937,3154849,15105,41744.0,24,RJL,RECOMPRA,2026-02-24,24,ARCO NORTE,Zona 37,2492279,RECOMPRA,24-02-2026_15.xls,2026-02-24,15,9,2026,24.0,0.0,45000.0,0.0,610000.0,5,122000.0,0.0
131612,3154854,15105,5350.0,642,WSN,NUEVO,2026-02-24,642,ARCO NORTE,Zona 40,131612,NUEVO,24-02-2026_15.xls,2026-02-24,15,9,2026,642.0,0.0,60000.0,0.0,350000.0,3,20000.0,0.0
92750,3154918,15105,80744.0,343,FLO,RECOMPRA,2026-02-24,343,SUR PONIENTE,Zona 03,34394449,RECOMPRA,24-02-2026_15.xls,2026-02-24,15,9,2026,343.0,0.0,44000.0,0.0,769000.0,15,51266.666666666664,0.0
53678,3154929,15105,14350.0,1,TQG,RECOMPRA,2026-02-24,341,SUR PONIENTE,Zona 10,34196228,RECOMPRA,24-02-2026_15.xls,2026-02-24,15,9,2026,,,,,,3,,
46323,3154997,15105,4000.0,215,VZY,RECOMPRA,2026-02-24,215,SUR PONIENTE,Zona 02,21595935,RECOMPRA,24-02-2026_15.xls,2026-02-24,15,9,2026,215.0,0.0,44000.0,0.0,504000.0,2,252000.0,0.0
129139,3155000,15105,9350.0,346,RTW,RECOMPRA,2026-02-24,346,ARCO NORTE,Zona 31,34695413,RECOMPRA,24-02-2026_15.xls,2026-02-24,15,9,2026,346.0,0.0,60000.0,0.0,430000.0,4,107500.0,0.0
68213,3155020,15105,55350.0,603,XAE,RECOMPRA,2026-02-24,603,SUR PONIENTE,Zona 04,60396404,RECOMPRA,24-02-2026_15.xls,2026-02-24,15,9,2026,603.0,0.0,44000.0,0.0,513000.0,3,171000.0,0.0
68569,3155048,15105,25800.0,1,QMY,RECOMPRA,2026-02-24,602,SUR PONIENTE,Zona 04,60496331,RECOMPRA,24-02-2026_15.xls,2026-02-24,15,9,2026,,,,,,3,,
47104,3155059,15105,7350.0,622,BSD,RECOMPRA,2026-02-24,622,ARCO NORTE,Zona 33,62298198,RECOMPRA,24-02-2026_15.xls,2026-02-24,15,9,2026,622.0,0.0,45000.0,0.0,280000.0,3,93333.33333333333,0.0
76657,3155063,15105,64000.0,331,XOF,RECOMPRA,2026-02-24,331,SUR PONIENTE,Zona 06,32194945,RECOMPRA,24-02-2026_15.xls,2026-02-24,15,9,2026,331.0,0.0,44000.0,0.0,442000.0,5,88400.0,0.0
131616,3155073,15110,50000.0,122,HFW,NUEVO,2026-02-24,122,SUR PONIENTE,Zona 09,131616,NUEVO,24-02-2026_15.xls,2026-02-24,15,9,2026,122.0,0.0,44000.0,0.0,445000.0,2,22000.0,0.0
121464,3155182,15105,40350.0,623,WZN,RECOMPRA,2026-02-24,623,ARCO NORTE,Zona 28,195363,RECOMPRA,24-02-2026_15.xls,2026-02-24,15,9,2026,623.0,0.0,30000.0,0.0,280000.0,5,56000.0,0.0
40203,3155218,15105,299000.0,32,YNI,RECOMPRA,2026-02-24,32,SUR PONIENTE,Zona 08,3194074,RECOMPRA,24-02-2026_15.xls,2026-02-24,15,9,2026,32.0,0.0,44000.0,0.0,601000.0,5,120200.0,0.0
118395,3155229,15105,19350.0,55,TTG,RECOMPRA,2026-02-24,55,SUR PONIENTE,Zona 11,5595553,RECOMPRA,24-02-2026_15.xls,2026-02-24,15,9,2026,55.0,0.0,44000.0,0.0,634000.0,4,158500.0,0.0
113773,3155252,15105,17350.0,51,PCH,RECOMPRA,2026-02-24,51,SUR PONIENTE,Zona 05,5393155,RECOMPRA,24-02-2026_15.xls,2026-02-24,15,9,2026,51.0,0.0,44000.0,0.0,640000.0,7,91428.57142857143,0.0
93389,3155305,15105,17750.0,51,PCH,RECOMPRA,2026-02-24,51,SUR PONIENTE,Zona 05,5797460,RECOMPRA,24-02-2026_15.xls,2026-02-24,15,9,2026,51.0,0.0,44000.0,0.0,640000.0,7,91428.57142857143,0.0
105022,3155322,15105,20350.0,344,WDQ,RECOMPRA,2026-02-24,344,SUR PONIENTE,Zona 07,7295935,RECOMPRA,24-02-2026_15.xls,2026-02-24,15,9,2026,344.0,0.0,44000.0,0.0,712000.0,13,54769.230769230766,0.0
41558,3155351,15105,89000.0,49,QVR,RECOMPRA,2026-02-24,49,ARCO NORTE,Zona 27,4798125,RECOMPRA,24-02-2026_15.xls,2026-02-24,15,9,2026,49.0,0.0,30000.0,0.0,960000.0,6,160000.0,0.0
44816,3155371,15105,130350.0,22,IHK,RECOMPRA,2026-02-24,22,ARCO NORTE,Zona 27,2292186,RECOMPRA,24-02-2026_15.xls,2026-02-24,15,9,2026,22.0,0.0,60000.0,0.0,1140000.0,7,162857.14285714287,0.0
95219,3155388,15105,15580.0,344,VBX,RECOMPRA,2026-02-24,344,SUR PONIENTE,Zona 07,34594092,RECOMPRA,24-02-2026_15.xls,2026-02-24,15,9,2026,344.0,0.0,44000.0,0.0,712000.0,13,54769.230769230766,0.0
71832,3155391,15105,40350.0,85,CLD,RECOMPRA,2026-02-24,85,SUR PONIENTE,Zona 09,8194980,RECOMPRA,24-02-2026_15.xls,2026-02-24,15,9,2026,85.0,0.0,44000.0,0.0,844000.0,5,168800.0,0.0
82249,3155423,15105,38350.0,133,DZP,RECOMPRA,2026-02-24,133,SUR PONIENTE,Zona 01,8595688,RECOMPRA,24-02-2026_15.xls,2026-02-24,15,9,2026,133.0,0.0,44000.0,0.0,628000.0,10,62800.0,0.0
100251,3155439,15105,12350.0,61,HQZ,RECOMPRA,2026-02-24,61,SUR PONIENTE,Zona 02,6192512,RECOMPRA,24-02-2026_15.xls,2026-02-24,15,9,2026,61.0,0.0,44000.0,0.0,443000.0,5,88600.0,0.0
100288,3155450,15105,22850.0,114,WJS,RECOMPRA,2026-02-24,114,ARCO NORTE,Zona 33,11496346,RECOMPRA,24-02-2026_15.xls,2026-02-24,15,9,2026,114.0,0.0,75000.0,0.0,590000.0,2,295000.0,0.0
126563,3155473,15105,51350.0,45,WZI,RECOMPRA,2026-02-24,45,ARCO NORTE,Zona 34,4592161,RECOMPRA,24-02-2026_15.xls,2026-02-24,15,9,2026,45.0,0.0,60000.0,0.0,670000.0,9,74444.44444444444,0.0
68248,3155482,15105,11000.0,344,WDQ,RECOMPRA,2026-02-24,344,SUR PONIENTE,Zona 07,34497815,RECOMPRA,24-02-2026_15.xls,2026-02-24,15,9,2026,344.0,0.0,44000.0,0.0,712000.0,13,54769.230769230766,0.0
45973,3155518,15105,146000.0,331,WZZ,RECOMPRA,2026-02-24,331,SUR PONIENTE,Zona 06,31194517,RECOMPRA,24-02-2026_15.xls,2026-02-24,15,9,2026,331.0,0.0,44000.0,0.0,442000.0,5,88400.0,0.0
121878,3155538,15110,16350.0,51,PCH,RECOMPRA,2026-02-24,51,SUR PONIENTE,Zona 05,5192725,RECOMPRA,24-02-2026_15.xls,2026-02-24,15,9,2026,51.0,0.0,44000.0,0.0,640000.0,7,91428.57142857143,0.0
62219,3155560,15105,5350.0,42,ZEI,RECOMPRA,2026-02-24,42,ARCO NORTE,Zona 25,4794124,RECOMPRA,24-02-2026_15.xls,2026-02-24,15,9,2026,42.0,0.0,15000.0,0.0,470000.0,4,117500.0,0.0
72866,3155578,15105,15350.0,32,YVH,RECOMPRA,2026-02-24,32,SUR PONIENTE,Zona 08,3192219,RECOMPRA,24-02-2026_15.xls,2026-02-24,15,9,2026,32.0,0.0,44000.0,0.0,601000.0,5,120200.0,0.0
86679,3155589,15105,31750.0,51,PCH,RECOMPRA,2026-02-24,51,SUR PONIENTE,Zona 05,197252,RECOMPRA,24-02-2026_15.xls,2026-02-24,15,9,2026,51.0,0.0,44000.0,0.0,640000.0,7,91428.57142857143,0.0
52009,3155610,15105,10350.0,56,HHW,RECOMPRA,2026-02-24,56,SUR PONIENTE,Zona 11,5699000,RECOMPRA,24-02-2026_15.xls,2026-02-24,15,9,2026,56.0,0.0,44000.0,0.0,294000.0,2,147000.0,0.0
43522,3155622,15105,36300.0,345,ZGB,RECOMPRA,2026-02-24,345,SUR PONIENTE,Zona 03,34597548,RECOMPRA,24-02-2026_15.xls,2026-02-24,15,9,2026,345.0,0.0,44000.0,0.0,1155000.0,12,96250.0,0.0
47832,3154587,15105,46000.0,45,WSP,RECOMPRA,2026-02-24,45,ARCO NORTE,Zona 34,4599581,RECOMPRA,24-02-2026_18.xls,2026-02-24,18,9,2026,45.0,0.0,60000.0,0.0,670000.0,17,39411.76470588235,0.0
55513,3154592,15105,15350.0,45,WZI,RECOMPRA,2026-02-24,45,ARCO NORTE,Zona 34,4593006,RECOMPRA,24-02-2026_18.xls,2026-02-24,18,9,2026,45.0,0.0,60000.0,0.0,670000.0,17,39411.76470588235,0.0
95778,3154600,15105,25350.0,56,HHW,RECOMPRA,2026-02-24,56,SUR PONIENTE,Zona 11,5698855,NUEVO,24-02-2026_18.xls,2026-02-24,18,9,2026,56.0,0.0,44000.0,0.0,294000.0,2,22000.0,0.0
107504,3154612,15105,28350.0,625,GKD,RECOMPRA,2026-02-24,625,ARCO NORTE,Zona 39,62596022,RECOMPRA,24-02-2026_18.xls,2026-02-24,18,9,2026,625.0,0.0,30000.0,0.0,240000.0,3,80000.0,0.0
101994,3154621,15105,20350.0,42,ZEI,RECOMPRA,2026-02-24,42,ARCO NORTE,Zona 25,4395301,RECOMPRA,24-02-2026_18.xls,2026-02-24,18,9,2026,42.0,0.0,15000.0,0.0,470000.0,6,78333.33333333333,0.0
47102,3154631,15105,35350.0,336,TOT,RECOMPRA,2026-02-24,336,SUR PONIENTE,Zona 06,31197970,RECOMPRA,24-02-2026_18.xls,2026-02-24,18,9,2026,336.0,0.0,44000.0,0.0,252000.0,3,84000.0,0.0
131611,3154641,15105,5350.0,561,XHZ,NUEVO,2026-02-24,561,ARCO NORTE,Zona 35,131611,NUEVO,24-02-2026_18.xls,2026-02-24,18,9,2026,561.0,0.0,45000.0,0.0,650000.0,3,15000.0,0.0
124371,3154678,15105,20000.0,343,JNP,RECOMPRA,2026-02-24,343,SUR PONIENTE,Zona 03,34394150,RECOMPRA,24-02-2026_18.xls,2026-02-24,18,9,2026,343.0,0.0,44000.0,0.0,769000.0,20,38450.0,0.0
127185,3154707,15105,8000.0,22,ABH,RECOMPRA,2026-02-24,22,ARCO NORTE,Zona 27,81299932,RECOMPRA,24-02-2026_18.xls,2026-02-24,18,9,2026,22.0,0.0,60000.0,0.0,1140000.0,11,103636.36363636363,0.0
105917,3154719,15105,14351.0,131,PPW,RECOMPRA,2026-02-24,131,SUR PONIENTE,Zona 01,13193281,NUEVO,24-02-2026_18.xls,2026-02-24,18,9,2026,131.0,0.0,44000.0,0.0,322000.0,3,14666.666666666666,0.0
47125,3154722,15105,15351.0,133,XAI,RECOMPRA,2026-02-24,133,SUR PONIENTE,Zona 01,13399384,RECOMPRA,24-02-2026_18.xls,2026-02-24,18,9,2026,133.0,0.0,44000.0,0.0,628000.0,18,34888.88888888889,0.0
74939,3154769,15105,12350.0,343,FLO,RECOMPRA,2026-02-24,343,SUR PONIENTE,Zona 03,34399879,NUEVO,24-02-2026_18.xls,2026-02-24,18,9,2026,343.0,0.0,44000.0,0.0,769000.0,4,11000.0,0.0
46722,3154773,15105,43350.0,133,UKD,RECOMPRA,2026-02-24,133,SUR PONIENTE,Zona 01,13396609,RECOMPRA,24-02-2026_18.xls,2026-02-24,18,9,2026,133.0,0.0,44000.0,0.0,628000.0,18,34888.88888888889,0.0
40937,3154849,15105,41744.0,24,RJL,RECOMPRA,2026-02-24,24,ARCO NORTE,Zona 37,2492279,RECOMPRA,24-02-2026_18.xls,2026-02-24,18,9,2026,24.0,0.0,45000.0,0.0,610000.0,9,67777.77777777778,0.0
131612,3154854,15105,5350.0,642,WSN,NUEVO,2026-02-24,642,ARCO NORTE,Zona 40,131612,NUEVO,24-02-2026_18.xls,2026-02-24,18,9,2026,642.0,0.0,60000.0,0.0,350000.0,7,8571.42857142857,0.0
92750,3154918,15105,80744.0,343,FLO,RECOMPRA,2026-02-24,343,SUR PONIENTE,Zona 03,34394449,RECOMPRA,24-02-2026_18.xls,2026-02-24,18,9,2026,343.0,0.0,44000.0,0.0,769000.0,20,38450.0,0.0
53678,3154929,15105,14350.0,1,TQG,RECOMPRA,2026-02-24,341,SUR PONIENTE,Zona 10,34196228,RECOMPRA,24-02-2026_18.xls,2026-02-24,18,9,2026,,,,,,14,,
46323,3154997,15105,4000.0,215,VZY,RECOMPRA,2026-02-24,215,SUR PONIENTE,Zona 02,21595935,RECOMPRA,24-02-2026_18.xls,2026-02-24,18,9,2026,215.0,0.0,44000.0,0.0,504000.0,7,72000.0,0.0
129139,3155000,15105,9350.0,346,RTW,RECOMPRA,2026-02-24,346,ARCO NORTE,Zona 31,34695413,RECOMPRA,24-02-2026_18.xls,2026-02-24,18,9,2026,346.0,0.0,60000.0,0.0,430000.0,5,86000.0,0.0
68213,3155020,15105,55350.0,603,XAE,RECOMPRA,2026-02-24,603,SUR PONIENTE,Zona 04,60396404,RECOMPRA,24-02-2026_18.xls,2026-02-24,18,9,2026,603.0,0.0,44000.0,0.0,513000.0,3,171000.0,0.0
68569,3155048,15105,25800.0,1,QMY,RECOMPRA,2026-02-24,602,SUR PONIENTE,Zona 04,60496331,RECOMPRA,24-02-2026_18.xls,2026-02-24,18,9,2026,,,,,,14,,
47104,3155059,15105,7350.0,622,BSD,RECOMPRA,2026-02-24,622,ARCO NORTE,Zona 33,62298198,RECOMPRA,24-02-2026_18.xls,2026-02-24,18,9,2026,622.0,0.0,45000.0,0.0,280000.0,7,40000.0,0.0
76657,3155063,15105,64000.0,331,XOF,RECOMPRA,2026-02-24,331,SUR PONIENTE,Zona 06,32194945,RECOMPRA,24-02-2026_18.xls,2026-02-24,18,9,2026,331.0,0.0,44000.0,0.0,442000.0,10,44200.0,0.0
131616,3155073,15110,50000.0,122,HFW,NUEVO,2026-02-24,122,SUR PONIENTE,Zona 09,131616,NUEVO,24-02-2026_18.xls,2026-02-24,18,9,2026,122.0,0.0,44000.0,0.0,445000.0,2,22000.0,0.0
121464,3155182,15105,40350.0,623,WZN,RECOMPRA,2026-02-24,623,ARCO NORTE,Zona 28,195363,RECOMPRA,24-02-2026_18.xls,2026-02-24,18,9,2026,623.0,0.0,30000.0,0.0,280000.0,12,23333.333333333332,0.0
40203,3155218,15105,299000.0,32,YNI,RECOMPRA,2026-02-24,32,SUR PONIENTE,Zona 08,3194074,RECOMPRA,24-02-2026_18.xls,2026-02-24,18,9,2026,32.0,0.0,44000.0,0.0,601000.0,12,50083.333333333336,0.0
118395,3155229,15105,19350.0,55,TTG,RECOMPRA,2026-02-24,55,SUR PONIENTE,Zona 11,5595553,RECOMPRA,24-02-2026_18.xls,2026-02-24,18,9,2026,55.0,0.0,44000.0,0.0,634000.0,11,57636.36363636364,0.0
113773,3155252,15105,17350.0,51,PCH,RECOMPRA,2026-02-24,51,SUR PONIENTE,Zona 05,5393155,RECOMPRA,24-02-2026_18.xls,2026-02-24,18,9,2026,51.0,0.0,44000.0,0.0,640000.0,13,49230.769230769234,0.0
93389,3155305,15105,17750.0,51,PCH,RECOMPRA,2026-02-24,51,SUR PONIENTE,Zona 05,5797460,RECOMPRA,24-02-2026_18.xls,2026-02-24,18,9,2026,51.0,0.0,44000.0,0.0,640000.0,13,49230.769230769234,0.0
105022,3155322,15105,20350.0,344,WDQ,RECOMPRA,2026-02-24,344,SUR PONIENTE,Zona 07,7295935,RECOMPRA,24-02-2026_18.xls,2026-02-24,18,9,2026,344.0,0.0,44000.0,0.0,712000.0,29,24551.724137931036,0.0
41558,3155351,15105,89000.0,49,QVR,RECOMPRA,2026-02-24,49,ARCO NORTE,Zona 27,4798125,RECOMPRA,24-02-2026_18.xls,2026-02-24,18,9,2026,49.0,0.0,30000.0,0.0,960000.0,14,68571.42857142857,0.0
44816,3155371,15105,130350.0,22,IHK,RECOMPRA,2026-02-24,22,ARCO NORTE,Zona 27,2292186,RECOMPRA,24-02-2026_18.xls,2026-02-24,18,9,2026,22.0,0.0,60000.0,0.0,1140000.0,11,103636.36363636363,0.0
95219,3155388,15105,15580.0,344,VBX,RECOMPRA,2026-02-24,344,SUR PONIENTE,Zona 07,34594092,RECOMPRA,24-02-2026_18.xls,2026-02-24,18,9,2026,344.0,0.0,44000.0,0.0,712000.0,29,24551.724137931036,0.0
71832,3155391,15105,40350.0,85,CLD,RECOMPRA,2026-02-24,85,SUR PONIENTE,Zona 09,8194980,RECOMPRA,24-02-2026_18.xls,2026-02-24,18,9,2026,85.0,0.0,44000.0,0.0,844000.0,13,64923.07692307692,0.0
82249,3155423,15105,38350.0,133,DZP,RECOMPRA,2026-02-24,133,SUR PONIENTE,Zona 01,8595688,RECOMPRA,24-02-2026_18.xls,2026-02-24,18,9,2026,133.0,0.0,44000.0,0.0,628000.0,18,34888.88888888889,0.0
100251,3155439,15105,12350.0,61,HQZ,RECOMPRA,2026-02-24,61,SUR PONIENTE,Zona 02,6192512,RECOMPRA,24-02-2026_18.xls,2026-02-24,18,9,2026,61.0,0.0,44000.0,0.0,443000.0,8,55375.0,0.0
100288,3155450,15105,22850.0,114,WJS,RECOMPRA,2026-02-24,114,ARCO NORTE,Zona 33,11496346,RECOMPRA,24-02-2026_18.xls,2026-02-24,18,9,2026,114.0,0.0,75000.0,0.0,590000.0,7,84285.71428571429,0.0
126563,3155473,15105,51350.0,45,WZI,RECOMPRA,2026-02-24,45,ARCO NORTE,Zona 34,4592161,RECOMPRA,24-02-2026_18.xls,2026-02-24,18,9,2026,45.0,0.0,60000.0,0.0,670000.0,17,39411.76470588235,0.0
68248,3155482,15105,11000.0,344,WDQ,RECOMPRA,2026-02-24,344,SUR PONIENTE,Zona 07,34497815,RECOMPRA,24-02-2026_18.xls,2026-02-24,18,9,2026,344.0,0.0,44000.0,0.0,712000.0,29,24551.724137931036,0.0
45973,3155518,15105,146000.0,331,WZZ,RECOMPRA,2026-02-24,331,SUR PONIENTE,Zona 06,31194517,RECOMPRA,24-02-2026_18.xls,2026-02-24,18,9,2026,331.0,0.0,44000.0,0.0,442000.0,10,44200.0,0.0
121878,3155538,15110,16350.0,51,PCH,RECOMPRA,2026-02-24,51,SUR PONIENTE,Zona 05,5192725,RECOMPRA,24-02-2026_18.xls,2026-02-24,18,9,2026,51.0,0.0,44000.0,0.0,640000.0,13,49230.769230769234,0.0
62219,3155560,15105,5350.0,42,ZEI,RECOMPRA,2026-02-24,42,ARCO NORTE,Zona 25,4794124,RECOMPRA,24-02-2026_18.xls,2026-02-24,18,9,2026,42.0,0.0,15000.0,0.0,470000.0,6,78333.33333333333,0.0
72866,3155578,15105,15350.0,32,YVH,RECOMPRA,2026-02-24,32,SUR PONIENTE,Zona 08,3192219,RECOMPRA,24-02-2026_18.xls,2026-02-24,18,9,2026,32.0,0.0,44000.0,0.0,601000.0,12,50083.333333333336,0.0
86679,3155589,15105,31750.0,51,PCH,RECOMPRA,2026-02-24,51,SUR PONIENTE,Zona 05,197252,RECOMPRA,24-02-2026_18.xls,2026-02-24,18,9,2026,51.0,0.0,44000.0,0.0,640000.0,13,49230.769230769234,0.0
52009,3155610,15105,10350.0,56,HHW,RECOMPRA,2026-02-24,56,SUR PONIENTE,Zona 11,5699000,RECOMPRA,24-02-2026_18.xls,2026-02-24,18,9,2026,56.0,0.0,44000.0,0.0,294000.0,6,49000.0,0.0
43522,3155622,15105,36300.0,345,ZGB,RECOMPRA,2026-02-24,345,SUR PONIENTE,Zona 03,34597548,RECOMPRA,24-02-2026_18.xls,2026-02-24,18,9,2026,345.0,0.0,44000.0,0.0,1155000.0,13,88846.15384615384,0.0
45030,3155651,15105,20350.0,1,GKD,RECOMPRA,2026-02-24,625,ARCO NORTE,Zona 39,62597934,RECOMPRA,24-02-2026_18.xls,2026-02-24,18,9,2026,,,,,,14,,
62096,3155700,15105,39000.0,343,FLO,RECOMPRA,2026-02-24,343,SUR PONIENTE,Zona 03,34397761,RECOMPRA,24-02-2026_18.xls,2026-02-24,18,9,2026,343.0,0.0,44000.0,0.0,769000.0,20,38450.0,0.0
127816,3155710,15110,25350.0,51,PCH,RECOMPRA,2026-02-24,51,SUR PONIENTE,Zona 05,5192447,RECOMPRA,24-02-2026_18.xls,2026-02-24,18,9,2026,51.0,0.0,44000.0,0.0,640000.0,13,49230.769230769234,0.0
92428,3155737,15105,30600.0,344,VBX,RECOMPRA,2026-02-24,344,SUR PONIENTE,Zona 07,34595672,RECOMPRA,24-02-2026_18.xls,2026-02-24,18,9,2026,344.0,0.0,44000.0,0.0,712000.0,29,24551.724137931036,0.0
93113,3155746,15105,29838.0,343,FLO,RECOMPRA,2026-02-24,343,SUR PONIENTE,Zona 03,34399025,RECOMPRA,24-02-2026_18.xls,2026-02-24,18,9,2026,343.0,0.0,44000.0,0.0,769000.0,20,38450.0,0.0
51475,3155752,15105,97350.0,56,HHW,RECOMPRA,2026-02-24,56,SUR PONIENTE,Zona 11,5697251,RECOMPRA,24-02-2026_18.xls,2026-02-24,18,9,2026,56.0,0.0,44000.0,0.0,294000.0,6,49000.0,0.0
89813,3155783,15105,4350.0,131,UKD,RECOMPRA,2026-02-24,133,SUR PONIENTE,Zona 01,13396191,RECOMPRA,24-02-2026_18.xls,2026-02-24,18,9,2026,131.0,0.0,44000.0,0.0,322000.0,5,64400.0,0.0
87051,3155792,15105,53350.0,53,YTB,RECOMPRA,2026-02-24,53,SUR PONIENTE,Zona 05,5897552,RECOMPRA,24-02-2026_18.xls,2026-02-24,18,9,2026,53.0,0.0,44000.0,0.0,436000.0,6,72666.66666666667,0.0
105545,3155802,15105,5350.0,623,LSR,RECOMPRA,2026-02-24,623,ARCO NORTE,Zona 28,62397963,RECOMPRA,24-02-2026_18.xls,2026-02-24,18,9,2026,623.0,0.0,30000.0,0.0,280000.0,12,23333.333333333332,0.0
131624,3155822,15105,18744.0,345,YTN,NUEVO,2026-02-24,345,SUR PONIENTE,Zona 03,131624,NUEVO,24-02-2026_18.xls,2026-02-24,18,9,2026,345.0,0.0,44000.0,0.0,1155000.0,2,22000.0,0.0
70548,3155831,15105,28350.0,561,SUD,RECOMPRA,2026-02-24,561,ARCO NORTE,Zona 35,56195927,RECOMPRA,24-02-2026_18.xls,2026-02-24,18,9,2026,561.0,0.0,45000.0,0.0,650000.0,5,130000.0,0.0
57550,3155878,15105,10350.0,114,WJA,RECOMPRA,2026-02-24,114,ARCO NORTE,Zona 33,11497729,RECOMPRA,24-02-2026_18.xls,2026-02-24,18,9,2026,114.0,0.0,75000.0,0.0,590000.0,7,84285.71428571429,0.0
126757,3155882,15105,6574.0,342,YFH,RECOMPRA,2026-02-24,342,SUR PONIENTE,Zona 03,34296891,RECOMPRA,24-02-2026_18.xls,2026-02-24,18,9,2026,342.0,0.0,44000.0,0.0,971000.0,19,51105.26315789474,0.0
65308,3155933,15105,10600.0,604,ZGB,RECOMPRA,2026-02-24,604,SUR PONIENTE,Zona 04,60499969,RECOMPRA,24-02-2026_18.xls,2026-02-24,18,9,2026,604.0,0.0,44000.0,0.0,164000.0,1,164000.0,0.0
49561,3155942,15105,15350.0,1,XHD,RECOMPRA,2026-02-24,981,ARCO NORTE,Zona 34,197672,RECOMPRA,24-02-2026_18.xls,2026-02-24,18,9,2026,,,,,,14,,
64056,3155951,15105,7400.0,341,AEJ,RECOMPRA,2026-02-24,341,SUR PONIENTE,Zona 10,34195395,RECOMPRA,24-02-2026_18.xls,2026-02-24,18,9,2026,341.0,0.0,44000.0,0.0,472000.0,1,472000.0,0.0
102831,3155960,15105,51350.0,344,WDQ,RECOMPRA,2026-02-24,344,SUR PONIENTE,Zona 07,34496458,RECOMPRA,24-02-2026_18.xls,2026-02-24,18,9,2026,344.0,0.0,44000.0,0.0,712000.0,29,24551.724137931036,0.0
125522,3155977,15105,20350.0,627,VDN,RECOMPRA,2026-02-24,627,ARCO NORTE,Zona 24,195073,RECOMPRA,24-02-2026_18.xls,2026-02-24,18,9,2026,627.0,0.0,45000.0,0.0,340000.0,6,56666.666666666664,0.0
108775,3155988,15105,15350.0,48,XWB,RECOMPRA,2026-02-24,48,ARCO NORTE,Zona 29,4898033,RECOMPRA,24-02-2026_18.xls,2026-02-24,18,9,2026,48.0,0.0,60000.0,0.0,1200000.0,6,200000.0,0.0
100734,3156001,15105,24800.0,45,XCA,RECOMPRA,2026-02-24,45,ARCO NORTE,Zona 34,4592052,RECOMPRA,24-02-2026_18.xls,2026-02-24,18,9,2026,45.0,0.0,60000.0,0.0,670000.0,17,39411.76470588235,0.0
65320,3156022,15105,10350.0,331,XOF,RECOMPRA,2026-02-24,331,SUR PONIENTE,Zona 06,32194802,RECOMPRA,24-02-2026_18.xls,2026-02-24,18,9,2026,331.0,0.0,44000.0,0.0,442000.0,10,44200.0,0.0
43522,3156038,15105,36300.0,344,VBX,RECOMPRA,2026-02-24,344,SUR PONIENTE,Zona 07,34597548,RECOMPRA,24-02-2026_18.xls,2026-02-24,18,9,2026,344.0,0.0,44000.0,0.0,712000.0,29,24551.724137931036,0.0
126693,3156065,15105,15350.0,566,RWA,RECOMPRA,2026-02-24,566,ARCO NORTE,Zona 32,56693951,RECOMPRA,24-02-2026_18.xls,2026-02-24,18,9,2026,566.0,0.0,90000.0,0.0,380000.0,12,31666.666666666668,0.0
50425,3156103,15105,31350.0,621,EFU,RECOMPRA,2026-02-24,621,ARCO NORTE,Zona 28,62198293,RECOMPRA,24-02-2026_18.xls,2026-02-24,18,9,2026,621.0,0.0,45000.0,0.0,470000.0,4,117500.0,0.0
27280,3156134,15105,12350.0,1,EFU,RECOMPRA,2026-02-24,621,ARCO NORTE,Zona 28,62196284,RECOMPRA,24-02-2026_18.xls,2026-02-24,18,9,2026,,,,,,14,,
49905,3156148,15105,10350.0,53,YTB,RECOMPRA,2026-02-24,53,SUR PONIENTE,Zona 05,5393716,RECOMPRA,24-02-2026_18.xls,2026-02-24,18,9,2026,53.0,0.0,44000.0,0.0,436000.0,6,72666.66666666667,0.0
47106,3156150,15105,45135.0,24,RJL,RECOMPRA,2026-02-24,24,ARCO NORTE,Zona 37,2492174,RECOMPRA,24-02-2026_18.xls,2026-02-24,18,9,2026,24.0,0.0,45000.0,0.0,610000.0,9,67777.77777777778,0.0
74300,3156169,15105,34350.0,623,LSR,RECOMPRA,2026-02-24,623,ARCO NORTE,Zona 28,62395676,RECOMPRA,24-02-2026_18.xls,2026-02-24,18,9,2026,623.0,0.0,30000.0,0.0,280000.0,12,23333.333333333332,0.0
107269,3156170,15105,30350.0,42,ZEI,RECOMPRA,2026-02-24,42,ARCO NORTE,Zona 25,4296949,RECOMPRA,24-02-2026_18.xls,2026-02-24,18,9,2026,42.0,0.0,15000.0,0.0,470000.0,6,78333.33333333333,0.0
92110,3156181,15105,18350.0,61,HQZ,RECOMPRA,2026-02-24,61,SUR PONIENTE,Zona 02,6193068,RECOMPRA,24-02-2026_18.xls,2026-02-24,18,9,2026,61.0,0.0,44000.0,0.0,443000.0,8,55375.0,0.0
20109,3156198,15105,25000.0,642,ODN,RECOMPRA,2026-02-24,642,ARCO NORTE,Zona 40,64295400,RECOMPRA,24-02-2026_18.xls,2026-02-24,18,9,2026,642.0,0.0,60000.0,0.0,350000.0,3,116666.66666666667,0.0
54470,3156227,15105,36800.0,623,LSR,RECOMPRA,2026-02-24,623,ARCO NORTE,Zona 28,62396303,RECOMPRA,24-02-2026_18.xls,2026-02-24,18,9,2026,623.0,0.0,30000.0,0.0,280000.0,12,23333.333333333332,0.0
67474,3156253,15105,77900.0,313,YDM,RECOMPRA,2026-02-24,313,SUR PONIENTE,Zona 10,31393731,RECOMPRA,24-02-2026_18.xls,2026-02-24,18,9,2026,313.0,0.0,44000.0,0.0,429000.0,4,107250.0,0.0
119938,3156261,15105,36580.0,563,YYV,RECOMPRA,2026-02-24,563,ARCO NORTE,Zona 38,70150641,RECOMPRA,24-02-2026_18.xls,2026-02-24,18,9,2026,563.0,0.0,60000.0,0.0,400000.0,8,50000.0,0.0
69749,3156270,15105,11350.0,49,QVR,RECOMPRA,2026-02-24,49,ARCO NORTE,Zona 27,4997592,RECOMPRA,24-02-2026_18.xls,2026-02-24,18,9,2026,49.0,0.0,30000.0,0.0,960000.0,14,68571.42857142857,0.0
76692,3156284,15105,28850.0,133,UKD,RECOMPRA,2026-02-24,133,SUR PONIENTE,Zona 01,13197121,RECOMPRA,24-02-2026_18.xls,2026-02-24,18,9,2026,133.0,0.0,44000.0,0.0,628000.0,18,34888.88888888889,0.0
131629,3156323,15105,10350.0,566,VKV,NUEVO,2026-02-24,566,ARCO NORTE,Zona 32,131629,NUEVO,24-02-2026_18.xls,2026-02-24,18,9,2026,566.0,0.0,90000.0,0.0,380000.0,2,45000.0,0.0
43876,3156345,15105,130350.0,26,BFF,RECOMPRA,2026-02-24,26,ARCO NORTE,Zona 37,2693357,RECOMPRA,24-02-2026_18.xls,2026-02-24,18,9,2026,26.0,0.0,30000.0,0.0,280000.0,5,56000.0,0.0
74861,3156356,15105,61350.0,562,XGJ,RECOMPRA,2026-02-24,562,ARCO NORTE,Zona 35,56298032,RECOMPRA,24-02-2026_18.xls,2026-02-24,18,9,2026,562.0,0.0,45000.0,0.0,330000.0,5,66000.0,0.0
55268,3156385,15105,36350.0,1,PCH,RECOMPRA,2026-02-24,51,SUR PONIENTE,Zona 05,5193096,RECOMPRA,24-02-2026_18.xls,2026-02-24,18,9,2026,,,,,,14,,
63305,3156393,15105,49350.0,352,XVL,RECOMPRA,2026-02-24,352,SUR PONIENTE,Zona 07,35298451,RECOMPRA,24-02-2026_18.xls,2026-02-24,18,9,2026,352.0,0.0,44000.0,0.0,395000.0,3,131666.66666666666,0.0
49600,3156404,15105,31094.0,331,XOF,RECOMPRA,2026-02-24,331,SUR PONIENTE,Zona 06,33196963,RECOMPRA,24-02-2026_18.xls,2026-02-24,18,9,2026,331.0,0.0,44000.0,0.0,442000.0,10,44200.0,0.0
110588,3156445,15105,22750.0,627,ONL,RECOMPRA,2026-02-24,627,ARCO NORTE,Zona 24,196171,RECOMPRA,24-02-2026_18.xls,2026-02-24,18,9,2026,627.0,0.0,45000.0,0.0,340000.0,6,56666.666666666664,0.0
22132,3156451,15105,12350.0,32,YVH,RECOMPRA,2026-02-24,32,SUR PONIENTE,Zona 08,198546,RECOMPRA,24-02-2026_18.xls,2026-02-24,18,9,2026,32.0,0.0,44000.0,0.0,601000.0,12,50083.333333333336,0.0
131632,3156465,15105,10350.0,566,VKV,NUEVO,2026-02-24,566,ARCO NORTE,Zona 32,131632,NUEVO,24-02-2026_18.xls,2026-02-24,18,9,2026,566.0,0.0,90000.0,0.0,380000.0,2,45000.0,0.0
46469,3156480,15105,25350.0,211,WST,RECOMPRA,2026-02-24,211,ARCO NORTE,Zona 31,21199464,RECOMPRA,24-02-2026_18.xls,2026-02-24,18,9,2026,211.0,0.0,60000.0,0.0,530000.0,10,53000.0,0.0
85264,3156515,15105,15350.0,215,VZY,RECOMPRA,2026-02-24,215,SUR PONIENTE,Zona 02,21595883,RECOMPRA,24-02-2026_18.xls,2026-02-24,18,9,2026,215.0,0.0,44000.0,0.0,504000.0,7,72000.0,0.0
71832,3156527,15105,40350.0,85,CLD,RECOMPRA,2026-02-24,85,SUR PONIENTE,Zona 09,8194980,RECOMPRA,24-02-2026_18.xls,2026-02-24,18,9,2026,85.0,0.0,44000.0,0.0,844000.0,13,64923.07692307692,0.0
95559,3156541,15105,51350.0,347,MEV,RECOMPRA,2026-02-24,347,ARCO NORTE,Zona 36,11194334,RECOMPRA,24-02-2026_18.xls,2026-02-24,18,9,2026,347.0,0.0,45000.0,0.0,550000.0,6,91666.66666666667,0.0
97938,3156556,15105,30350.0,45,WWZ,RECOMPRA,2026-02-24,45,ARCO NORTE,Zona 34,4596498,RECOMPRA,24-02-2026_18.xls,2026-02-24,18,9,2026,45.0,0.0,60000.0,0.0,670000.0,17,39411.76470588235,0.0
37869,3156563,15105,50744.0,26,BFF,RECOMPRA,2026-02-24,26,ARCO NORTE,Zona 37,197810,RECOMPRA,24-02-2026_18.xls,2026-02-24,18,9,2026,26.0,0.0,30000.0,0.0,280000.0,5,56000.0,0.0
127256,3156574,15105,10000.0,343,JNP,RECOMPRA,2026-02-24,343,SUR PONIENTE,Zona 03,34394126,RECOMPRA,24-02-2026_18.xls,2026-02-24,18,9,2026,343.0,0.0,44000.0,0.0,769000.0,20,38450.0,0.0
126531,3156587,15105,6350.0,627,ZEF,RECOMPRA,2026-02-24,627,ARCO NORTE,Zona 24,195014,RECOMPRA,24-02-2026_18.xls,2026-02-24,18,9,2026,627.0,0.0,45000.0,0.0,340000.0,6,56666.666666666664,0.0
49445,3156598,15105,18350.0,344,WDQ,RECOMPRA,2026-02-24,344,SUR PONIENTE,Zona 07,7297843,RECOMPRA,24-02-2026_18.xls,2026-02-24,18,9,2026,344.0,0.0,44000.0,0.0,712000.0,29,24551.724137931036,0.0
91736,3156605,15105,30350.0,344,YNB,RECOMPRA,2026-02-24,344,SUR PONIENTE,Zona 07,34496520,RECOMPRA,24-02-2026_18.xls,2026-02-24,18,9,2026,344.0,0.0,44000.0,0.0,712000.0,29,24551.724137931036,0.0
93419,3157606,15105,36500.0,345,UIQ,RECOMPRA,2026-02-25,345,SUR PONIENTE,Zona 03,31499471,RECOMPRA,25-02-2026_12.xls,2026-02-25,12,9,2026,345.0,0.0,44000.0,0.0,1155000.0,5,231000.0,0.0
64251,3157657,15105,5350.0,345,UIQ,RECOMPRA,2026-02-25,345,SUR PONIENTE,Zona 03,34596069,RECOMPRA,25-02-2026_12.xls,2026-02-25,12,9,2026,345.0,0.0,44000.0,0.0,1155000.0,5,231000.0,0.0
120854,3157691,15105,15350.0,621,EFU,RECOMPRA,2026-02-25,621,ARCO NORTE,Zona 28,62198150,RECOMPRA,25-02-2026_12.xls,2026-02-25,12,9,2026,621.0,0.0,45000.0,0.0,470000.0,1,470000.0,0.0
40487,3157719,15105,281541.0,28,YVW,RECOMPRA,2026-02-25,28,ARCO NORTE,Zona 25,2796093,RECOMPRA,25-02-2026_12.xls,2026-02-25,12,9,2026,28.0,0.0,30000.0,0.0,620000.0,2,310000.0,0.0
111696,3157724,15105,15700.0,342,WTL,RECOMPRA,2026-02-25,342,SUR PONIENTE,Zona 03,34293126,RECOMPRA,25-02-2026_12.xls,2026-02-25,12,9,2026,342.0,0.0,44000.0,0.0,971000.0,4,242750.0,0.0
18717,3157739,15105,10350.0,344,WDQ,RECOMPRA,2026-02-25,344,SUR PONIENTE,Zona 07,7295675,RECOMPRA,25-02-2026_12.xls,2026-02-25,12,9,2026,344.0,0.0,44000.0,0.0,712000.0,2,356000.0,0.0
91794,3157760,15105,50350.0,28,WSD,RECOMPRA,2026-02-25,28,ARCO NORTE,Zona 25,16097222,RECOMPRA,25-02-2026_12.xls,2026-02-25,12,9,2026,28.0,0.0,30000.0,0.0,620000.0,2,310000.0,0.0
121121,3157792,15105,30350.0,92,TYZ,RECOMPRA,2026-02-25,92,ARCO NORTE,Zona 26,9294228,RECOMPRA,25-02-2026_12.xls,2026-02-25,12,9,2026,92.0,0.0,45000.0,0.0,270000.0,1,270000.0,0.0
127926,3157810,15110,20000.0,336,TOT,RECOMPRA,2026-02-25,336,SUR PONIENTE,Zona 06,31199015,RECOMPRA,25-02-2026_12.xls,2026-02-25,12,9,2026,336.0,0.0,44000.0,0.0,252000.0,2,126000.0,0.0
59473,3157846,15105,80744.0,626,NDF,RECOMPRA,2026-02-25,626,SUR PONIENTE,Zona 12,62698102,RECOMPRA,25-02-2026_12.xls,2026-02-25,12,9,2026,626.0,0.0,44000.0,0.0,291000.0,3,97000.0,0.0
113193,3157875,15105,18750.0,343,JNP,RECOMPRA,2026-02-25,343,SUR PONIENTE,Zona 03,34394234,RECOMPRA,25-02-2026_12.xls,2026-02-25,12,9,2026,343.0,0.0,44000.0,0.0,769000.0,5,153800.0,0.0
21666,3158094,15105,52600.0,123,ZFF,RECOMPRA,2026-02-25,123,ARCO NORTE,Zona 36,198655,RECOMPRA,25-02-2026_12.xls,2026-02-25,12,9,2026,123.0,0.0,45000.0,0.0,400000.0,1,400000.0,0.0
118532,3158107,15105,39350.0,566,LWK,RECOMPRA,2026-02-25,566,ARCO NORTE,Zona 32,56699284,RECOMPRA,25-02-2026_12.xls,2026-02-25,12,9,2026,566.0,0.0,90000.0,0.0,380000.0,2,190000.0,0.0
43373,3158125,15105,10574.0,49,QVR,RECOMPRA,2026-02-25,49,ARCO NORTE,Zona 27,4794945,RECOMPRA,25-02-2026_12.xls,2026-02-25,12,9,2026,49.0,0.0,30000.0,0.0,960000.0,1,960000.0,0.0
131642,3158159,15105,10744.0,350,XNZ,NUEVO,2026-02-25,350,SUR PONIENTE,Zona 12,131642,NUEVO,25-02-2026_12.xls,2026-02-25,12,9,2026,350.0,0.0,44000.0,0.0,451000.0,1,44000.0,0.0
131643,3158185,15105,6744.0,342,WTL,RECOMPRA,2026-02-25,342,SUR PONIENTE,Zona 03,131643,RECOMPRA,25-02-2026_12.xls,2026-02-25,12,9,2026,342.0,0.0,44000.0,0.0,971000.0,4,242750.0,0.0
52422,3158234,15105,32350.0,345,UIQ,RECOMPRA,2026-02-25,345,SUR PONIENTE,Zona 03,31399190,RECOMPRA,25-02-2026_12.xls,2026-02-25,12,9,2026,345.0,0.0,44000.0,0.0,1155000.0,5,231000.0,0.0
93419,3157606,15105,36500.0,345,UIQ,RECOMPRA,2026-02-25,345,SUR PONIENTE,Zona 03,31499471,RECOMPRA,25-02-2026_15.xls,2026-02-25,15,9,2026,345.0,0.0,44000.0,0.0,1155000.0,12,96250.0,0.0
64251,3157657,15105,5350.0,345,UIQ,RECOMPRA,2026-02-25,345,SUR PONIENTE,Zona 03,34596069,RECOMPRA,25-02-2026_15.xls,2026-02-25,15,9,2026,345.0,0.0,44000.0,0.0,1155000.0,12,96250.0,0.0
120854,3157691,15105,15350.0,621,EFU,RECOMPRA,2026-02-25,621,ARCO NORTE,Zona 28,62198150,RECOMPRA,25-02-2026_15.xls,2026-02-25,15,9,2026,621.0,0.0,45000.0,0.0,470000.0,1,470000.0,0.0
40487,3157719,15105,281541.0,28,YVW,RECOMPRA,2026-02-25,28,ARCO NORTE,Zona 25,2796093,RECOMPRA,25-02-2026_15.xls,2026-02-25,15,9,2026,28.0,0.0,30000.0,0.0,620000.0,4,155000.0,0.0
111696,3157724,15105,15700.0,342,WTL,RECOMPRA,2026-02-25,342,SUR PONIENTE,Zona 03,34293126,RECOMPRA,25-02-2026_15.xls,2026-02-25,15,9,2026,342.0,0.0,44000.0,0.0,971000.0,7,138714.2857142857,0.0
18717,3157739,15105,10350.0,344,WDQ,RECOMPRA,2026-02-25,344,SUR PONIENTE,Zona 07,7295675,RECOMPRA,25-02-2026_15.xls,2026-02-25,15,9,2026,344.0,0.0,44000.0,0.0,712000.0,13,54769.230769230766,0.0
91794,3157760,15105,50350.0,28,WSD,RECOMPRA,2026-02-25,28,ARCO NORTE,Zona 25,16097222,RECOMPRA,25-02-2026_15.xls,2026-02-25,15,9,2026,28.0,0.0,30000.0,0.0,620000.0,4,155000.0,0.0
121121,3157792,15105,30350.0,92,TYZ,RECOMPRA,2026-02-25,92,ARCO NORTE,Zona 26,9294228,RECOMPRA,25-02-2026_15.xls,2026-02-25,15,9,2026,92.0,0.0,45000.0,0.0,270000.0,1,270000.0,0.0
127926,3157810,15110,20000.0,336,TOT,RECOMPRA,2026-02-25,336,SUR PONIENTE,Zona 06,31199015,RECOMPRA,25-02-2026_15.xls,2026-02-25,15,9,2026,336.0,0.0,44000.0,0.0,252000.0,3,84000.0,0.0
59473,3157846,15105,80744.0,626,NDF,RECOMPRA,2026-02-25,626,SUR PONIENTE,Zona 12,62698102,RECOMPRA,25-02-2026_15.xls,2026-02-25,15,9,2026,626.0,0.0,44000.0,0.0,291000.0,3,97000.0,0.0
113193,3157875,15105,18750.0,343,JNP,RECOMPRA,2026-02-25,343,SUR PONIENTE,Zona 03,34394234,RECOMPRA,25-02-2026_15.xls,2026-02-25,15,9,2026,343.0,0.0,44000.0,0.0,769000.0,15,51266.666666666664,0.0
21666,3158094,15105,52600.0,123,ZFF,RECOMPRA,2026-02-25,123,ARCO NORTE,Zona 36,198655,RECOMPRA,25-02-2026_15.xls,2026-02-25,15,9,2026,123.0,0.0,45000.0,0.0,400000.0,6,66666.66666666667,0.0
118532,3158107,15105,39350.0,566,LWK,RECOMPRA,2026-02-25,566,ARCO NORTE,Zona 32,56699284,RECOMPRA,25-02-2026_15.xls,2026-02-25,15,9,2026,566.0,0.0,90000.0,0.0,380000.0,7,54285.71428571428,0.0
43373,3158125,15105,10574.0,49,QVR,RECOMPRA,2026-02-25,49,ARCO NORTE,Zona 27,4794945,RECOMPRA,25-02-2026_15.xls,2026-02-25,15,9,2026,49.0,0.0,30000.0,0.0,960000.0,6,160000.0,0.0
131642,3158159,15105,10744.0,350,XNZ,NUEVO,2026-02-25,350,SUR PONIENTE,Zona 12,131642,NUEVO,25-02-2026_15.xls,2026-02-25,15,9,2026,350.0,0.0,44000.0,0.0,451000.0,1,44000.0,0.0
131643,3158185,15105,6744.0,342,WTL,RECOMPRA,2026-02-25,342,SUR PONIENTE,Zona 03,131643,RECOMPRA,25-02-2026_15.xls,2026-02-25,15,9,2026,342.0,0.0,44000.0,0.0,971000.0,7,138714.2857142857,0.0
52422,3158234,15105,32350.0,345,UIQ,RECOMPRA,2026-02-25,345,SUR PONIENTE,Zona 03,31399190,RECOMPRA,25-02-2026_15.xls,2026-02-25,15,9,2026,345.0,0.0,44000.0,0.0,1155000.0,12,96250.0,0.0
43659,3158330,15105,10350.0,345,UIQ,RECOMPRA,2026-02-25,345,SUR PONIENTE,Zona 03,34595725,RECOMPRA,25-02-2026_15.xls,2026-02-25,15,9,2026,345.0,0.0,44000.0,0.0,1155000.0,12,96250.0,0.0
48369,3158347,15105,64000.0,981,YDH,RECOMPRA,2026-02-25,981,ARCO NORTE,Zona 34,98195223,RECOMPRA,25-02-2026_15.xls,2026-02-25,15,9,2026,981.0,0.0,60000.0,0.0,590000.0,5,118000.0,0.0
131652,3158376,15110,22500.0,345,UIQ,NUEVO,2026-02-25,345,SUR PONIENTE,Zona 03,131652,NUEVO,25-02-2026_15.xls,2026-02-25,15,9,2026,345.0,0.0,44000.0,0.0,1155000.0,1,44000.0,0.0
77115,3158381,15105,32500.0,343,FLO,RECOMPRA,2026-02-25,343,SUR PONIENTE,Zona 03,34395185,RECOMPRA,25-02-2026_15.xls,2026-02-25,15,9,2026,343.0,0.0,44000.0,0.0,769000.0,15,51266.666666666664,0.0
102823,3158414,15105,4600.0,623,LSR,RECOMPRA,2026-02-25,623,ARCO NORTE,Zona 28,62395008,RECOMPRA,25-02-2026_15.xls,2026-02-25,15,9,2026,623.0,0.0,30000.0,0.0,280000.0,5,56000.0,0.0
131653,3158421,15105,10350.0,562,XGJ,NUEVO,2026-02-25,562,ARCO NORTE,Zona 35,131653,NUEVO,25-02-2026_15.xls,2026-02-25,15,9,2026,562.0,0.0,45000.0,0.0,330000.0,1,45000.0,0.0
65435,3158472,15105,55350.0,562,YDZ,RECOMPRA,2026-02-25,562,ARCO NORTE,Zona 35,56297474,RECOMPRA,25-02-2026_15.xls,2026-02-25,15,9,2026,562.0,0.0,45000.0,0.0,330000.0,3,110000.0,0.0
96193,3158481,15105,27500.0,344,VBX,RECOMPRA,2026-02-25,344,SUR PONIENTE,Zona 07,4496938,RECOMPRA,25-02-2026_15.xls,2026-02-25,15,9,2026,344.0,0.0,44000.0,0.0,712000.0,13,54769.230769230766,0.0
56148,3158497,15105,232180.0,14,GQG,RECOMPRA,2026-02-25,14,SUR PONIENTE,Zona 02,7396420,RECOMPRA,25-02-2026_15.xls,2026-02-25,15,9,2026,14.0,0.0,44000.0,0.0,637000.0,4,159250.0,0.0
114835,3158510,15105,10180.0,623,LSR,RECOMPRA,2026-02-25,623,ARCO NORTE,Zona 28,62394980,RECOMPRA,25-02-2026_15.xls,2026-02-25,15,9,2026,623.0,0.0,30000.0,0.0,280000.0,5,56000.0,0.0
131654,3158523,15105,10350.0,627,XDS,NUEVO,2026-02-25,627,ARCO NORTE,Zona 24,131654,NUEVO,25-02-2026_15.xls,2026-02-25,15,9,2026,627.0,0.0,45000.0,0.0,340000.0,3,15000.0,0.0
41710,3158569,15105,20420.0,1,RJL,RECOMPRA,2026-02-25,24,ARCO NORTE,Zona 37,2497436,RECOMPRA,25-02-2026_15.xls,2026-02-25,15,9,2026,,,,,,3,,
103335,3158658,15105,15350.0,344,YNB,RECOMPRA,2026-02-25,344,SUR PONIENTE,Zona 07,34497682,RECOMPRA,25-02-2026_15.xls,2026-02-25,15,9,2026,344.0,0.0,44000.0,0.0,712000.0,13,54769.230769230766,0.0
82950,3158670,15105,26350.0,627,ONL,RECOMPRA,2026-02-25,627,ARCO NORTE,Zona 24,62797000,RECOMPRA,25-02-2026_15.xls,2026-02-25,15,9,2026,627.0,0.0,45000.0,0.0,340000.0,1,340000.0,0.0
101713,3158689,15105,15350.0,85,CLD,RECOMPRA,2026-02-25,85,SUR PONIENTE,Zona 09,13598622,RECOMPRA,25-02-2026_15.xls,2026-02-25,15,9,2026,85.0,0.0,44000.0,0.0,844000.0,5,168800.0,0.0
22003,3158707,15105,35750.0,345,UIQ,RECOMPRA,2026-02-25,345,SUR PONIENTE,Zona 03,34594953,RECOMPRA,25-02-2026_15.xls,2026-02-25,15,9,2026,345.0,0.0,44000.0,0.0,1155000.0,12,96250.0,0.0
89534,3158716,15105,6500.0,565,XQC,RECOMPRA,2026-02-25,565,ARCO NORTE,Zona 32,56597906,RECOMPRA,25-02-2026_15.xls,2026-02-25,15,9,2026,565.0,0.0,60000.0,0.0,300000.0,6,50000.0,0.0
43814,3158732,15105,10350.0,61,YVI,RECOMPRA,2026-02-25,61,SUR PONIENTE,Zona 02,6195019,RECOMPRA,25-02-2026_15.xls,2026-02-25,15,9,2026,61.0,0.0,44000.0,0.0,443000.0,5,88600.0,0.0
61206,3158740,15105,55350.0,51,WJX,RECOMPRA,2026-02-25,51,SUR PONIENTE,Zona 05,5495487,RECOMPRA,25-02-2026_15.xls,2026-02-25,15,9,2026,51.0,0.0,44000.0,0.0,640000.0,7,91428.57142857143,0.0
99813,3158752,15105,25350.0,642,BHQ,RECOMPRA,2026-02-25,642,ARCO NORTE,Zona 40,64299177,NUEVO,25-02-2026_15.xls,2026-02-25,15,9,2026,642.0,0.0,60000.0,0.0,350000.0,3,20000.0,0.0
75676,3158765,15105,5350.0,622,BSD,RECOMPRA,2026-02-25,622,ARCO NORTE,Zona 33,599998,RECOMPRA,25-02-2026_15.xls,2026-02-25,15,9,2026,622.0,0.0,45000.0,0.0,280000.0,3,93333.33333333333,0.0
97503,3158795,15105,38951.0,131,PPW,RECOMPRA,2026-02-25,131,SUR PONIENTE,Zona 01,13193555,RECOMPRA,25-02-2026_15.xls,2026-02-25,15,9,2026,131.0,0.0,44000.0,0.0,322000.0,2,161000.0,0.0
84841,3158861,15105,6000.0,565,YKA,RECOMPRA,2026-02-25,565,ARCO NORTE,Zona 32,56594038,RECOMPRA,25-02-2026_15.xls,2026-02-25,15,9,2026,565.0,0.0,60000.0,0.0,300000.0,6,50000.0,0.0
96864,3158947,15105,40744.0,24,ZGB,RECOMPRA,2026-02-25,24,ARCO NORTE,Zona 37,16095821,RECOMPRA,25-02-2026_15.xls,2026-02-25,15,9,2026,24.0,0.0,45000.0,0.0,610000.0,5,122000.0,0.0
108877,3159021,15105,10350.0,211,USB,RECOMPRA,2026-02-25,211,ARCO NORTE,Zona 31,21193256,RECOMPRA,25-02-2026_15.xls,2026-02-25,15,9,2026,211.0,0.0,60000.0,0.0,530000.0,5,106000.0,0.0
89980,3159041,15105,19744.0,14,GQG,RECOMPRA,2026-02-25,14,SUR PONIENTE,Zona 02,1493819,RECOMPRA,25-02-2026_15.xls,2026-02-25,15,9,2026,14.0,0.0,44000.0,0.0,637000.0,4,159250.0,0.0
127397,3159059,15105,15744.0,343,TUL,RECOMPRA,2026-02-25,343,SUR PONIENTE,Zona 03,34394679,RECOMPRA,25-02-2026_15.xls,2026-02-25,15,9,2026,343.0,0.0,44000.0,0.0,769000.0,15,51266.666666666664,0.0
40979,3159076,15105,63000.0,32,VRZ,RECOMPRA,2026-02-25,32,SUR PONIENTE,Zona 08,3293108,RECOMPRA,25-02-2026_15.xls,2026-02-25,15,9,2026,32.0,0.0,44000.0,0.0,601000.0,5,120200.0,0.0
103059,3159089,15105,16744.0,14,GQG,RECOMPRA,2026-02-25,14,SUR PONIENTE,Zona 02,7396311,RECOMPRA,25-02-2026_15.xls,2026-02-25,15,9,2026,14.0,0.0,44000.0,0.0,637000.0,4,159250.0,0.0
57094,3159092,15105,80350.0,211,KXC,RECOMPRA,2026-02-25,211,ARCO NORTE,Zona 31,21193492,RECOMPRA,25-02-2026_15.xls,2026-02-25,15,9,2026,211.0,0.0,60000.0,0.0,530000.0,5,106000.0,0.0
52227,3159109,15105,12350.0,55,TJY,RECOMPRA,2026-02-25,55,SUR PONIENTE,Zona 11,5595218,RECOMPRA,25-02-2026_15.xls,2026-02-25,15,9,2026,55.0,0.0,44000.0,0.0,634000.0,4,158500.0,0.0
104240,3159125,15105,57844.0,331,XOF,RECOMPRA,2026-02-25,331,SUR PONIENTE,Zona 06,33199538,RECOMPRA,25-02-2026_15.xls,2026-02-25,15,9,2026,331.0,0.0,44000.0,0.0,442000.0,5,88400.0,0.0
127201,3159135,15105,8850.0,566,QFX,RECOMPRA,2026-02-25,566,ARCO NORTE,Zona 32,56693945,RECOMPRA,25-02-2026_15.xls,2026-02-25,15,9,2026,566.0,0.0,90000.0,0.0,380000.0,7,54285.71428571428,0.0
112278,3159140,15105,80580.0,45,KAF,RECOMPRA,2026-02-25,45,ARCO NORTE,Zona 34,4598197,RECOMPRA,25-02-2026_15.xls,2026-02-25,15,9,2026,45.0,0.0,60000.0,0.0,670000.0,9,74444.44444444444,0.0
62365,3159168,15105,11744.0,343,JNP,RECOMPRA,2026-02-25,343,SUR PONIENTE,Zona 03,34396620,RECOMPRA,25-02-2026_15.xls,2026-02-25,15,9,2026,343.0,0.0,44000.0,0.0,769000.0,15,51266.666666666664,0.0
131659,3159180,15105,10350.0,24,IUO,NUEVO,2026-02-25,24,ARCO NORTE,Zona 37,131659,NUEVO,25-02-2026_15.xls,2026-02-25,15,9,2026,24.0,0.0,45000.0,0.0,610000.0,2,22500.0,0.0
131660,3159201,15110,50000.0,313,YXF,NUEVO,2026-02-25,313,SUR PONIENTE,Zona 10,131660,NUEVO,25-02-2026_15.xls,2026-02-25,15,9,2026,313.0,0.0,44000.0,0.0,429000.0,3,14666.666666666666,0.0
93419,3157606,15105,36500.0,345,UIQ,RECOMPRA,2026-02-25,345,SUR PONIENTE,Zona 03,31499471,RECOMPRA,25-02-2026_18.xls,2026-02-25,18,9,2026,345.0,0.0,44000.0,0.0,1155000.0,13,88846.15384615384,0.0
64251,3157657,15105,5350.0,345,UIQ,RECOMPRA,2026-02-25,345,SUR PONIENTE,Zona 03,34596069,RECOMPRA,25-02-2026_18.xls,2026-02-25,18,9,2026,345.0,0.0,44000.0,0.0,1155000.0,13,88846.15384615384,0.0
120854,3157691,15105,15350.0,621,EFU,RECOMPRA,2026-02-25,621,ARCO NORTE,Zona 28,62198150,RECOMPRA,25-02-2026_18.xls,2026-02-25,18,9,2026,621.0,0.0,45000.0,0.0,470000.0,4,117500.0,0.0
40487,3157719,15105,281541.0,28,YVW,RECOMPRA,2026-02-25,28,ARCO NORTE,Zona 25,2796093,RECOMPRA,25-02-2026_18.xls,2026-02-25,18,9,2026,28.0,0.0,30000.0,0.0,620000.0,4,155000.0,0.0
111696,3157724,15105,15700.0,342,WTL,RECOMPRA,2026-02-25,342,SUR PONIENTE,Zona 03,34293126,RECOMPRA,25-02-2026_18.xls,2026-02-25,18,9,2026,342.0,0.0,44000.0,0.0,971000.0,19,51105.26315789474,0.0
18717,3157739,15105,10350.0,344,WDQ,RECOMPRA,2026-02-25,344,SUR PONIENTE,Zona 07,7295675,RECOMPRA,25-02-2026_18.xls,2026-02-25,18,9,2026,344.0,0.0,44000.0,0.0,712000.0,29,24551.724137931036,0.0
91794,3157760,15105,50350.0,28,WSD,RECOMPRA,2026-02-25,28,ARCO NORTE,Zona 25,16097222,RECOMPRA,25-02-2026_18.xls,2026-02-25,18,9,2026,28.0,0.0,30000.0,0.0,620000.0,4,155000.0,0.0
121121,3157792,15105,30350.0,92,TYZ,RECOMPRA,2026-02-25,92,ARCO NORTE,Zona 26,9294228,RECOMPRA,25-02-2026_18.xls,2026-02-25,18,9,2026,92.0,0.0,45000.0,0.0,270000.0,3,90000.0,0.0
127926,3157810,15110,20000.0,336,TOT,RECOMPRA,2026-02-25,336,SUR PONIENTE,Zona 06,31199015,RECOMPRA,25-02-2026_18.xls,2026-02-25,18,9,2026,336.0,0.0,44000.0,0.0,252000.0,3,84000.0,0.0
59473,3157846,15105,80744.0,626,NDF,RECOMPRA,2026-02-25,626,SUR PONIENTE,Zona 12,62698102,RECOMPRA,25-02-2026_18.xls,2026-02-25,18,9,2026,626.0,0.0,44000.0,0.0,291000.0,4,72750.0,0.0
113193,3157875,15105,18750.0,343,JNP,RECOMPRA,2026-02-25,343,SUR PONIENTE,Zona 03,34394234,RECOMPRA,25-02-2026_18.xls,2026-02-25,18,9,2026,343.0,0.0,44000.0,0.0,769000.0,20,38450.0,0.0
21666,3158094,15105,52600.0,123,ZFF,RECOMPRA,2026-02-25,123,ARCO NORTE,Zona 36,198655,RECOMPRA,25-02-2026_18.xls,2026-02-25,18,9,2026,123.0,0.0,45000.0,0.0,400000.0,6,66666.66666666667,0.0
118532,3158107,15105,39350.0,566,LWK,RECOMPRA,2026-02-25,566,ARCO NORTE,Zona 32,56699284,RECOMPRA,25-02-2026_18.xls,2026-02-25,18,9,2026,566.0,0.0,90000.0,0.0,380000.0,12,31666.666666666668,0.0
43373,3158125,15105,10574.0,49,QVR,RECOMPRA,2026-02-25,49,ARCO NORTE,Zona 27,4794945,RECOMPRA,25-02-2026_18.xls,2026-02-25,18,9,2026,49.0,0.0,30000.0,0.0,960000.0,14,68571.42857142857,0.0
131642,3158159,15105,10744.0,350,XNZ,NUEVO,2026-02-25,350,SUR PONIENTE,Zona 12,131642,NUEVO,25-02-2026_18.xls,2026-02-25,18,9,2026,350.0,0.0,44000.0,0.0,451000.0,1,44000.0,0.0
131643,3158185,15105,6744.0,342,WTL,RECOMPRA,2026-02-25,342,SUR PONIENTE,Zona 03,131643,RECOMPRA,25-02-2026_18.xls,2026-02-25,18,9,2026,342.0,0.0,44000.0,0.0,971000.0,19,51105.26315789474,0.0
52422,3158234,15105,32350.0,345,UIQ,RECOMPRA,2026-02-25,345,SUR PONIENTE,Zona 03,31399190,RECOMPRA,25-02-2026_18.xls,2026-02-25,18,9,2026,345.0,0.0,44000.0,0.0,1155000.0,13,88846.15384615384,0.0
43659,3158330,15105,10350.0,345,UIQ,RECOMPRA,2026-02-25,345,SUR PONIENTE,Zona 03,34595725,RECOMPRA,25-02-2026_18.xls,2026-02-25,18,9,2026,345.0,0.0,44000.0,0.0,1155000.0,13,88846.15384615384,0.0
48369,3158347,15105,64000.0,981,YDH,RECOMPRA,2026-02-25,981,ARCO NORTE,Zona 34,98195223,RECOMPRA,25-02-2026_18.xls,2026-02-25,18,9,2026,981.0,0.0,60000.0,0.0,590000.0,10,59000.0,0.0
131652,3158376,15110,22500.0,345,UIQ,NUEVO,2026-02-25,345,SUR PONIENTE,Zona 03,131652,NUEVO,25-02-2026_18.xls,2026-02-25,18,9,2026,345.0,0.0,44000.0,0.0,1155000.0,2,22000.0,0.0
77115,3158381,15105,32500.0,343,FLO,RECOMPRA,2026-02-25,343,SUR PONIENTE,Zona 03,34395185,RECOMPRA,25-02-2026_18.xls,2026-02-25,18,9,2026,343.0,0.0,44000.0,0.0,769000.0,20,38450.0,0.0
102823,3158414,15105,4600.0,623,LSR,RECOMPRA,2026-02-25,623,ARCO NORTE,Zona 28,62395008,RECOMPRA,25-02-2026_18.xls,2026-02-25,18,9,2026,623.0,0.0,30000.0,0.0,280000.0,12,23333.333333333332,0.0
131653,3158421,15105,10350.0,562,XGJ,NUEVO,2026-02-25,562,ARCO NORTE,Zona 35,131653,NUEVO,25-02-2026_18.xls,2026-02-25,18,9,2026,562.0,0.0,45000.0,0.0,330000.0,1,45000.0,0.0
65435,3158472,15105,55350.0,562,YDZ,RECOMPRA,2026-02-25,562,ARCO NORTE,Zona 35,56297474,RECOMPRA,25-02-2026_18.xls,2026-02-25,18,9,2026,562.0,0.0,45000.0,0.0,330000.0,5,66000.0,0.0
96193,3158481,15105,27500.0,344,VBX,RECOMPRA,2026-02-25,344,SUR PONIENTE,Zona 07,4496938,RECOMPRA,25-02-2026_18.xls,2026-02-25,18,9,2026,344.0,0.0,44000.0,0.0,712000.0,29,24551.724137931036,0.0
56148,3158497,15105,232180.0,14,GQG,RECOMPRA,2026-02-25,14,SUR PONIENTE,Zona 02,7396420,RECOMPRA,25-02-2026_18.xls,2026-02-25,18,9,2026,14.0,0.0,44000.0,0.0,637000.0,6,106166.66666666667,0.0
114835,3158510,15105,10180.0,623,LSR,RECOMPRA,2026-02-25,623,ARCO NORTE,Zona 28,62394980,RECOMPRA,25-02-2026_18.xls,2026-02-25,18,9,2026,623.0,0.0,30000.0,0.0,280000.0,12,23333.333333333332,0.0
131654,3158523,15105,10350.0,627,XDS,NUEVO,2026-02-25,627,ARCO NORTE,Zona 24,131654,NUEVO,25-02-2026_18.xls,2026-02-25,18,9,2026,627.0,0.0,45000.0,0.0,340000.0,3,15000.0,0.0
41710,3158569,15105,20420.0,1,RJL,RECOMPRA,2026-02-25,24,ARCO NORTE,Zona 37,2497436,RECOMPRA,25-02-2026_18.xls,2026-02-25,18,9,2026,,,,,,14,,
103335,3158658,15105,15350.0,344,YNB,RECOMPRA,2026-02-25,344,SUR PONIENTE,Zona 07,34497682,RECOMPRA,25-02-2026_18.xls,2026-02-25,18,9,2026,344.0,0.0,44000.0,0.0,712000.0,29,24551.724137931036,0.0
82950,3158670,15105,26350.0,627,ONL,RECOMPRA,2026-02-25,627,ARCO NORTE,Zona 24,62797000,RECOMPRA,25-02-2026_18.xls,2026-02-25,18,9,2026,627.0,0.0,45000.0,0.0,340000.0,6,56666.666666666664,0.0
101713,3158689,15105,15350.0,85,CLD,RECOMPRA,2026-02-25,85,SUR PONIENTE,Zona 09,13598622,RECOMPRA,25-02-2026_18.xls,2026-02-25,18,9,2026,85.0,0.0,44000.0,0.0,844000.0,13,64923.07692307692,0.0
22003,3158707,15105,35750.0,345,UIQ,RECOMPRA,2026-02-25,345,SUR PONIENTE,Zona 03,34594953,RECOMPRA,25-02-2026_18.xls,2026-02-25,18,9,2026,345.0,0.0,44000.0,0.0,1155000.0,13,88846.15384615384,0.0
89534,3158716,15105,6500.0,565,XQC,RECOMPRA,2026-02-25,565,ARCO NORTE,Zona 32,56597906,RECOMPRA,25-02-2026_18.xls,2026-02-25,18,9,2026,565.0,0.0,60000.0,0.0,300000.0,6,50000.0,0.0
43814,3158732,15105,10350.0,61,YVI,RECOMPRA,2026-02-25,61,SUR PONIENTE,Zona 02,6195019,RECOMPRA,25-02-2026_18.xls,2026-02-25,18,9,2026,61.0,0.0,44000.0,0.0,443000.0,8,55375.0,0.0
61206,3158740,15105,55350.0,51,WJX,RECOMPRA,2026-02-25,51,SUR PONIENTE,Zona 05,5495487,RECOMPRA,25-02-2026_18.xls,2026-02-25,18,9,2026,51.0,0.0,44000.0,0.0,640000.0,13,49230.769230769234,0.0
99813,3158752,15105,25350.0,642,BHQ,RECOMPRA,2026-02-25,642,ARCO NORTE,Zona 40,64299177,NUEVO,25-02-2026_18.xls,2026-02-25,18,9,2026,642.0,0.0,60000.0,0.0,350000.0,7,8571.42857142857,0.0
75676,3158765,15105,5350.0,622,BSD,RECOMPRA,2026-02-25,622,ARCO NORTE,Zona 33,599998,RECOMPRA,25-02-2026_18.xls,2026-02-25,18,9,2026,622.0,0.0,45000.0,0.0,280000.0,7,40000.0,0.0
97503,3158795,15105,38951.0,131,PPW,RECOMPRA,2026-02-25,131,SUR PONIENTE,Zona 01,13193555,RECOMPRA,25-02-2026_18.xls,2026-02-25,18,9,2026,131.0,0.0,44000.0,0.0,322000.0,5,64400.0,0.0
84841,3158861,15105,6000.0,565,YKA,RECOMPRA,2026-02-25,565,ARCO NORTE,Zona 32,56594038,RECOMPRA,25-02-2026_18.xls,2026-02-25,18,9,2026,565.0,0.0,60000.0,0.0,300000.0,6,50000.0,0.0
96864,3158947,15105,40744.0,24,ZGB,RECOMPRA,2026-02-25,24,ARCO NORTE,Zona 37,16095821,RECOMPRA,25-02-2026_18.xls,2026-02-25,18,9,2026,24.0,0.0,45000.0,0.0,610000.0,9,67777.77777777778,0.0
108877,3159021,15105,10350.0,211,USB,RECOMPRA,2026-02-25,211,ARCO NORTE,Zona 31,21193256,RECOMPRA,25-02-2026_18.xls,2026-02-25,18,9,2026,211.0,0.0,60000.0,0.0,530000.0,10,53000.0,0.0
89980,3159041,15105,19744.0,14,GQG,RECOMPRA,2026-02-25,14,SUR PONIENTE,Zona 02,1493819,RECOMPRA,25-02-2026_18.xls,2026-02-25,18,9,2026,14.0,0.0,44000.0,0.0,637000.0,6,106166.66666666667,0.0
127397,3159059,15105,15744.0,343,TUL,RECOMPRA,2026-02-25,343,SUR PONIENTE,Zona 03,34394679,RECOMPRA,25-02-2026_18.xls,2026-02-25,18,9,2026,343.0,0.0,44000.0,0.0,769000.0,20,38450.0,0.0
40979,3159076,15105,63000.0,32,VRZ,RECOMPRA,2026-02-25,32,SUR PONIENTE,Zona 08,3293108,RECOMPRA,25-02-2026_18.xls,2026-02-25,18,9,2026,32.0,0.0,44000.0,0.0,601000.0,12,50083.333333333336,0.0
103059,3159089,15105,16744.0,14,GQG,RECOMPRA,2026-02-25,14,SUR PONIENTE,Zona 02,7396311,RECOMPRA,25-02-2026_18.xls,2026-02-25,18,9,2026,14.0,0.0,44000.0,0.0,637000.0,6,106166.66666666667,0.0
57094,3159092,15105,80350.0,211,KXC,RECOMPRA,2026-02-25,211,ARCO NORTE,Zona 31,21193492,RECOMPRA,25-02-2026_18.xls,2026-02-25,18,9,2026,211.0,0.0,60000.0,0.0,530000.0,10,53000.0,0.0
52227,3159109,15105,12350.0,55,TJY,RECOMPRA,2026-02-25,55,SUR PONIENTE,Zona 11,5595218,RECOMPRA,25-02-2026_18.xls,2026-02-25,18,9,2026,55.0,0.0,44000.0,0.0,634000.0,11,57636.36363636364,0.0
104240,3159125,15105,57844.0,331,XOF,RECOMPRA,2026-02-25,331,SUR PONIENTE,Zona 06,33199538,RECOMPRA,25-02-2026_18.xls,2026-02-25,18,9,2026,331.0,0.0,44000.0,0.0,442000.0,10,44200.0,0.0
127201,3159135,15105,8850.0,566,QFX,RECOMPRA,2026-02-25,566,ARCO NORTE,Zona 32,56693945,RECOMPRA,25-02-2026_18.xls,2026-02-25,18,9,2026,566.0,0.0,90000.0,0.0,380000.0,12,31666.666666666668,0.0
112278,3159140,15105,80580.0,45,KAF,RECOMPRA,2026-02-25,45,ARCO NORTE,Zona 34,4598197,RECOMPRA,25-02-2026_18.xls,2026-02-25,18,9,2026,45.0,0.0,60000.0,0.0,670000.0,17,39411.76470588235,0.0
62365,3159168,15105,11744.0,343,JNP,RECOMPRA,2026-02-25,343,SUR PONIENTE,Zona 03,34396620,RECOMPRA,25-02-2026_18.xls,2026-02-25,18,9,2026,343.0,0.0,44000.0,0.0,769000.0,20,38450.0,0.0
131659,3159180,15105,10350.0,24,IUO,NUEVO,2026-02-25,24,ARCO NORTE,Zona 37,131659,NUEVO,25-02-2026_18.xls,2026-02-25,18,9,2026,24.0,0.0,45000.0,0.0,610000.0,2,22500.0,0.0
131660,3159201,15110,50000.0,313,YXF,NUEVO,2026-02-25,313,SUR PONIENTE,Zona 10,131660,NUEVO,25-02-2026_18.xls,2026-02-25,18,9,2026,313.0,0.0,44000.0,0.0,429000.0,3,14666.666666666666,0.0
48047,3159222,15105,12350.0,1,WSD,RECOMPRA,2026-02-25,28,ARCO NORTE,Zona 25,2894139,RECOMPRA,25-02-2026_18.xls,2026-02-25,18,9,2026,,,,,,14,,
79107,3159231,15105,8350.0,45,WZI,RECOMPRA,2026-02-25,45,ARCO NORTE,Zona 34,4592493,RECOMPRA,25-02-2026_18.xls,2026-02-25,18,9,2026,45.0,0.0,60000.0,0.0,670000.0,17,39411.76470588235,0.0
64900,3159262,15105,20350.0,623,LSR,RECOMPRA,2026-02-25,623,ARCO NORTE,Zona 28,62396903,RECOMPRA,25-02-2026_18.xls,2026-02-25,18,9,2026,623.0,0.0,30000.0,0.0,280000.0,12,23333.333333333332,0.0
119407,3159286,15105,11744.0,342,HEE,RECOMPRA,2026-02-25,342,SUR PONIENTE,Zona 03,34293071,RECOMPRA,25-02-2026_18.xls,2026-02-25,18,9,2026,342.0,0.0,44000.0,0.0,971000.0,19,51105.26315789474,0.0
112688,3159291,15105,48000.0,1,VQA,RECOMPRA,2026-02-25,629,ARCO NORTE,Zona 39,62996005,RECOMPRA,25-02-2026_18.xls,2026-02-25,18,9,2026,,,,,,14,,
53886,3159306,15105,25350.0,628,ZFA,RECOMPRA,2026-02-25,628,ARCO NORTE,Zona 30,62896777,RECOMPRA,25-02-2026_18.xls,2026-02-25,18,9,2026,628.0,0.0,30000.0,0.0,590000.0,6,98333.33333333333,0.0
50614,3159311,15105,10000.0,622,ZGB,RECOMPRA,2026-02-25,622,ARCO NORTE,Zona 33,12399803,RECOMPRA,25-02-2026_18.xls,2026-02-25,18,9,2026,622.0,0.0,45000.0,0.0,280000.0,7,40000.0,0.0
48777,3159325,15105,200350.0,92,TYZ,RECOMPRA,2026-02-25,92,ARCO NORTE,Zona 26,9294847,RECOMPRA,25-02-2026_18.xls,2026-02-25,18,9,2026,92.0,0.0,45000.0,0.0,270000.0,3,90000.0,0.0
101334,3159331,15105,35190.0,342,HEE,RECOMPRA,2026-02-25,342,SUR PONIENTE,Zona 03,34293857,RECOMPRA,25-02-2026_18.xls,2026-02-25,18,9,2026,342.0,0.0,44000.0,0.0,971000.0,19,51105.26315789474,0.0
131661,3159344,15105,18350.0,344,YNB,NUEVO,2026-02-25,344,SUR PONIENTE,Zona 07,131661,NUEVO,25-02-2026_18.xls,2026-02-25,18,9,2026,344.0,0.0,44000.0,0.0,712000.0,2,22000.0,0.0
73252,3159350,15105,75930.0,53,YTB,RECOMPRA,2026-02-25,53,SUR PONIENTE,Zona 05,8597472,RECOMPRA,25-02-2026_18.xls,2026-02-25,18,9,2026,53.0,0.0,44000.0,0.0,436000.0,6,72666.66666666667,0.0
64694,3159361,15105,25382.0,313,YDM,RECOMPRA,2026-02-25,313,SUR PONIENTE,Zona 10,31394373,RECOMPRA,25-02-2026_18.xls,2026-02-25,18,9,2026,313.0,0.0,44000.0,0.0,429000.0,4,107250.0,0.0
82115,3159387,15105,43350.0,56,HHW,RECOMPRA,2026-02-25,56,SUR PONIENTE,Zona 11,5694997,RECOMPRA,25-02-2026_18.xls,2026-02-25,18,9,2026,56.0,0.0,44000.0,0.0,294000.0,6,49000.0,0.0
72006,3159403,15105,40350.0,55,TJY,RECOMPRA,2026-02-25,55,SUR PONIENTE,Zona 11,5595361,RECOMPRA,25-02-2026_18.xls,2026-02-25,18,9,2026,55.0,0.0,44000.0,0.0,634000.0,11,57636.36363636364,0.0
58585,3159441,15105,128350.0,211,USB,RECOMPRA,2026-02-25,211,ARCO NORTE,Zona 31,4898904,RECOMPRA,25-02-2026_18.xls,2026-02-25,18,9,2026,211.0,0.0,60000.0,0.0,530000.0,10,53000.0,0.0
55108,3159458,15105,85350.0,32,YVH,RECOMPRA,2026-02-25,32,SUR PONIENTE,Zona 08,3191708,RECOMPRA,25-02-2026_18.xls,2026-02-25,18,9,2026,32.0,0.0,44000.0,0.0,601000.0,12,50083.333333333336,0.0
47792,3159473,15105,10600.0,1,QMY,RECOMPRA,2026-02-25,602,SUR PONIENTE,Zona 04,21598055,RECOMPRA,25-02-2026_18.xls,2026-02-25,18,9,2026,,,,,,14,,
46256,3159508,15105,25350.0,561,SUD,RECOMPRA,2026-02-25,561,ARCO NORTE,Zona 35,56499714,RECOMPRA,25-02-2026_18.xls,2026-02-25,18,9,2026,561.0,0.0,45000.0,0.0,650000.0,5,130000.0,0.0
50508,3159518,15105,70350.0,352,XVL,RECOMPRA,2026-02-25,352,SUR PONIENTE,Zona 07,35297452,RECOMPRA,25-02-2026_18.xls,2026-02-25,18,9,2026,352.0,0.0,44000.0,0.0,395000.0,3,131666.66666666666,0.0
74277,3159521,15105,4350.0,56,HHW,RECOMPRA,2026-02-25,56,SUR PONIENTE,Zona 11,5698609,RECOMPRA,25-02-2026_18.xls,2026-02-25,18,9,2026,56.0,0.0,44000.0,0.0,294000.0,6,49000.0,0.0
52541,3159530,15105,6750.0,331,XOF,RECOMPRA,2026-02-25,331,SUR PONIENTE,Zona 06,32195139,RECOMPRA,25-02-2026_18.xls,2026-02-25,18,9,2026,331.0,0.0,44000.0,0.0,442000.0,10,44200.0,0.0
127958,3159545,15110,13000.0,51,PCH,RECOMPRA,2026-02-25,51,SUR PONIENTE,Zona 05,8796076,RECOMPRA,25-02-2026_18.xls,2026-02-25,18,9,2026,51.0,0.0,44000.0,0.0,640000.0,13,49230.769230769234,0.0
53851,3159553,15105,61744.0,347,IZD,RECOMPRA,2026-02-25,347,ARCO NORTE,Zona 36,34798813,RECOMPRA,25-02-2026_18.xls,2026-02-25,18,9,2026,347.0,0.0,45000.0,0.0,550000.0,6,91666.66666666667,0.0
41710,3159575,15105,25744.0,24,LUJ,RECOMPRA,2026-02-25,24,ARCO NORTE,Zona 37,2497436,RECOMPRA,25-02-2026_18.xls,2026-02-25,18,9,2026,24.0,0.0,45000.0,0.0,610000.0,9,67777.77777777778,0.0
103049,3159593,15105,15350.0,622,UYP,RECOMPRA,2026-02-25,622,ARCO NORTE,Zona 33,196614,RECOMPRA,25-02-2026_18.xls,2026-02-25,18,9,2026,622.0,0.0,45000.0,0.0,280000.0,7,40000.0,0.0
58702,3159651,15105,4744.0,981,RJL,RECOMPRA,2026-02-25,24,ARCO NORTE,Zona 37,2490022,RECOMPRA,25-02-2026_18.xls,2026-02-25,18,9,2026,981.0,0.0,60000.0,0.0,590000.0,10,59000.0,0.0
42376,3159662,15105,50744.0,343,JNP,RECOMPRA,2026-02-25,343,SUR PONIENTE,Zona 03,34395231,RECOMPRA,25-02-2026_18.xls,2026-02-25,18,9,2026,343.0,0.0,44000.0,0.0,769000.0,20,38450.0,0.0
54546,3159672,15105,26000.0,331,HKI,RECOMPRA,2026-02-25,331,SUR PONIENTE,Zona 06,31193730,RECOMPRA,25-02-2026_18.xls,2026-02-25,18,9,2026,331.0,0.0,44000.0,0.0,442000.0,10,44200.0,0.0
71870,3159686,15105,50350.0,344,VBX,RECOMPRA,2026-02-25,344,SUR PONIENTE,Zona 07,34594908,RECOMPRA,25-02-2026_18.xls,2026-02-25,18,9,2026,344.0,0.0,44000.0,0.0,712000.0,29,24551.724137931036,0.0
49155,3159692,15105,19850.0,51,PCH,RECOMPRA,2026-02-25,51,SUR PONIENTE,Zona 05,5193845,RECOMPRA,25-02-2026_18.xls,2026-02-25,18,9,2026,51.0,0.0,44000.0,0.0,640000.0,13,49230.769230769234,0.0
97353,3159708,15105,6350.0,565,YKA,RECOMPRA,2026-02-25,565,ARCO NORTE,Zona 32,196902,NUEVO,25-02-2026_18.xls,2026-02-25,18,9,2026,565.0,0.0,60000.0,0.0,300000.0,2,30000.0,0.0
56874,3159724,15105,19350.0,628,YYQ,RECOMPRA,2026-02-25,628,ARCO NORTE,Zona 30,62896407,RECOMPRA,25-02-2026_18.xls,2026-02-25,18,9,2026,628.0,0.0,30000.0,0.0,590000.0,6,98333.33333333333,0.0
83681,3159732,15105,30350.0,55,GZO,RECOMPRA,2026-02-25,55,SUR PONIENTE,Zona 11,5294150,RECOMPRA,25-02-2026_18.xls,2026-02-25,18,9,2026,55.0,0.0,44000.0,0.0,634000.0,11,57636.36363636364,0.0
41543,3159753,15105,47000.0,49,QVR,RECOMPRA,2026-02-25,49,ARCO NORTE,Zona 27,4795053,RECOMPRA,25-02-2026_18.xls,2026-02-25,18,9,2026,49.0,0.0,30000.0,0.0,960000.0,14,68571.42857142857,0.0
85590,3159762,15105,65000.0,642,ODN,RECOMPRA,2026-02-25,642,ARCO NORTE,Zona 40,64299334,RECOMPRA,25-02-2026_18.xls,2026-02-25,18,9,2026,642.0,0.0,60000.0,0.0,350000.0,3,116666.66666666667,0.0
46933,3159772,15105,30350.0,91,YVT,RECOMPRA,2026-02-25,91,ARCO NORTE,Zona 26,13599075,RECOMPRA,25-02-2026_18.xls,2026-02-25,18,9,2026,91.0,0.0,30000.0,0.0,380000.0,2,190000.0,0.0
43393,3159802,15105,30350.0,85,WDK,RECOMPRA,2026-02-25,85,SUR PONIENTE,Zona 09,8497634,RECOMPRA,25-02-2026_18.xls,2026-02-25,18,9,2026,85.0,0.0,44000.0,0.0,844000.0,13,64923.07692307692,0.0
90498,3159811,15105,8350.0,41,OOJ,RECOMPRA,2026-02-25,41,ARCO NORTE,Zona 25,4198417,NUEVO,25-02-2026_18.xls,2026-02-25,18,9,2026,41.0,0.0,15000.0,0.0,470000.0,3,5000.0,0.0
41691,3159833,15105,20350.0,85,CLD,RECOMPRA,2026-02-25,85,SUR PONIENTE,Zona 09,8796051,RECOMPRA,25-02-2026_18.xls,2026-02-25,18,9,2026,85.0,0.0,44000.0,0.0,844000.0,13,64923.07692307692,0.0
84336,3159848,15105,15350.0,85,CLD,RECOMPRA,2026-02-25,85,SUR PONIENTE,Zona 09,8595347,RECOMPRA,25-02-2026_18.xls,2026-02-25,18,9,2026,85.0,0.0,44000.0,0.0,844000.0,13,64923.07692307692,0.0
58286,3159853,15105,27350.0,563,RNK,RECOMPRA,2026-02-25,563,ARCO NORTE,Zona 38,56399309,NUEVO,25-02-2026_18.xls,2026-02-25,18,9,2026,563.0,0.0,60000.0,0.0,400000.0,2,30000.0,0.0
44139,3159871,15105,10350.0,22,IHK,RECOMPRA,2026-02-25,22,ARCO NORTE,Zona 27,2289116,RECOMPRA,25-02-2026_18.xls,2026-02-25,18,9,2026,22.0,0.0,60000.0,0.0,1140000.0,11,103636.36363636363,0.0
131664,3159909,15105,6350.0,215,VZY,NUEVO,2026-02-25,215,SUR PONIENTE,Zona 02,131664,NUEVO,25-02-2026_18.xls,2026-02-25,18,9,2026,215.0,0.0,44000.0,0.0,504000.0,1,44000.0,0.0
75046,3159963,15105,10350.0,55,TTG,RECOMPRA,2026-02-25,55,SUR PONIENTE,Zona 11,5595583,RECOMPRA,25-02-2026_18.xls,2026-02-25,18,9,2026,55.0,0.0,44000.0,0.0,634000.0,11,57636.36363636364,0.0
89205,3159975,15105,13350.0,85,WDK,RECOMPRA,2026-02-25,85,SUR PONIENTE,Zona 09,8394808,RECOMPRA,25-02-2026_18.xls,2026-02-25,18,9,2026,85.0,0.0,44000.0,0.0,844000.0,13,64923.07692307692,0.0
131667,3160007,15105,6350.0,123,TJZ,NUEVO,2026-02-25,123,ARCO NORTE,Zona 36,131667,NUEVO,25-02-2026_18.xls,2026-02-25,18,9,2026,123.0,0.0,45000.0,0.0,400000.0,1,45000.0,0.0
122696,3160022,15105,7350.0,133,DZP,RECOMPRA,2026-02-25,133,SUR PONIENTE,Zona 01,80199262,NUEVO,25-02-2026_18.xls,2026-02-25,18,9,2026,133.0,0.0,44000.0,0.0,628000.0,3,14666.666666666666,0.0
43709,3160052,15110,35000.0,623,LSR,RECOMPRA,2026-02-25,623,ARCO NORTE,Zona 28,62396902,RECOMPRA,25-02-2026_18.xls,2026-02-25,18,9,2026,623.0,0.0,30000.0,0.0,280000.0,12,23333.333333333332,0.0
32751,3160067,15105,17350.0,49,QVR,RECOMPRA,2026-02-25,49,ARCO NORTE,Zona 27,4995774,RECOMPRA,25-02-2026_18.xls,2026-02-25,18,9,2026,49.0,0.0,30000.0,0.0,960000.0,14,68571.42857142857,0.0
129187,3160076,15105,11574.0,342,PHE,RECOMPRA,2026-02-25,342,SUR PONIENTE,Zona 03,34294870,RECOMPRA,25-02-2026_18.xls,2026-02-25,18,9,2026,342.0,0.0,44000.0,0.0,971000.0,19,51105.26315789474,0.0
45783,3160085,15105,200350.0,41,OOJ,RECOMPRA,2026-02-25,41,ARCO NORTE,Zona 25,14599880,RECOMPRA,25-02-2026_18.xls,2026-02-25,18,9,2026,41.0,0.0,15000.0,0.0,470000.0,3,156666.66666666666,0.0
45048,3160805,15105,12744.0,626,NDF,RECOMPRA,2026-02-26,626,SUR PONIENTE,Zona 12,62699017,RECOMPRA,26-02-2026_12.xls,2026-02-26,12,9,2026,626.0,0.0,44000.0,0.0,291000.0,3,97000.0,0.0
52290,3160821,15105,12800.0,343,FLO,RECOMPRA,2026-02-26,343,SUR PONIENTE,Zona 03,34397213,RECOMPRA,26-02-2026_12.xls,2026-02-26,12,9,2026,343.0,0.0,44000.0,0.0,769000.0,5,153800.0,0.0
131677,3160882,15105,10350.0,55,TJY,NUEVO,2026-02-26,55,SUR PONIENTE,Zona 11,131677,NUEVO,26-02-2026_12.xls,2026-02-26,12,9,2026,55.0,0.0,44000.0,0.0,634000.0,1,44000.0,0.0
60231,3160911,15105,33000.0,133,DZP,RECOMPRA,2026-02-26,133,SUR PONIENTE,Zona 01,13496335,RECOMPRA,26-02-2026_12.xls,2026-02-26,12,9,2026,133.0,0.0,44000.0,0.0,628000.0,6,104666.66666666667,0.0
97913,3160931,15105,65350.0,133,UKD,RECOMPRA,2026-02-26,133,SUR PONIENTE,Zona 01,13397693,RECOMPRA,26-02-2026_12.xls,2026-02-26,12,9,2026,133.0,0.0,44000.0,0.0,628000.0,6,104666.66666666667,0.0
59532,3161026,15105,7350.0,41,OOJ,RECOMPRA,2026-02-26,41,ARCO NORTE,Zona 25,4398919,NUEVO,26-02-2026_12.xls,2026-02-26,12,9,2026,41.0,0.0,15000.0,0.0,470000.0,1,15000.0,0.0
126994,3161082,15105,10350.0,566,LWK,RECOMPRA,2026-02-26,566,ARCO NORTE,Zona 32,56693949,RECOMPRA,26-02-2026_12.xls,2026-02-26,12,9,2026,566.0,0.0,90000.0,0.0,380000.0,2,190000.0,0.0
113029,3161197,15105,8744.0,603,HLS,RECOMPRA,2026-02-26,603,SUR PONIENTE,Zona 04,60395589,RECOMPRA,26-02-2026_12.xls,2026-02-26,12,9,2026,603.0,0.0,44000.0,0.0,513000.0,1,513000.0,0.0
131690,3161206,15105,15350.0,627,XDS,NUEVO,2026-02-26,627,ARCO NORTE,Zona 24,131690,NUEVO,26-02-2026_12.xls,2026-02-26,12,9,2026,627.0,0.0,45000.0,0.0,340000.0,1,45000.0,0.0
131692,3161250,15105,20350.0,352,XVL,NUEVO,2026-02-26,352,SUR PONIENTE,Zona 07,131692,NUEVO,26-02-2026_12.xls,2026-02-26,12,9,2026,352.0,0.0,44000.0,0.0,395000.0,1,44000.0,0.0
54971,3161284,15105,31350.0,85,WDK,RECOMPRA,2026-02-26,85,SUR PONIENTE,Zona 09,8496569,RECOMPRA,26-02-2026_12.xls,2026-02-26,12,9,2026,85.0,0.0,44000.0,0.0,844000.0,1,844000.0,0.0
22518,3161317,15105,17000.0,343,FLO,RECOMPRA,2026-02-26,343,SUR PONIENTE,Zona 03,198464,RECOMPRA,26-02-2026_12.xls,2026-02-26,12,9,2026,343.0,0.0,44000.0,0.0,769000.0,5,153800.0,0.0
45048,3160805,15105,12744.0,626,NDF,RECOMPRA,2026-02-26,626,SUR PONIENTE,Zona 12,62699017,RECOMPRA,26-02-2026_15.xls,2026-02-26,15,9,2026,626.0,0.0,44000.0,0.0,291000.0,3,97000.0,0.0
52290,3160821,15105,12800.0,343,FLO,RECOMPRA,2026-02-26,343,SUR PONIENTE,Zona 03,34397213,RECOMPRA,26-02-2026_15.xls,2026-02-26,15,9,2026,343.0,0.0,44000.0,0.0,769000.0,15,51266.666666666664,0.0
131677,3160882,15105,10350.0,55,TJY,NUEVO,2026-02-26,55,SUR PONIENTE,Zona 11,131677,NUEVO,26-02-2026_15.xls,2026-02-26,15,9,2026,55.0,0.0,44000.0,0.0,634000.0,2,22000.0,0.0
60231,3160911,15105,33000.0,133,DZP,RECOMPRA,2026-02-26,133,SUR PONIENTE,Zona 01,13496335,RECOMPRA,26-02-2026_15.xls,2026-02-26,15,9,2026,133.0,0.0,44000.0,0.0,628000.0,10,62800.0,0.0
97913,3160931,15105,65350.0,133,UKD,RECOMPRA,2026-02-26,133,SUR PONIENTE,Zona 01,13397693,RECOMPRA,26-02-2026_15.xls,2026-02-26,15,9,2026,133.0,0.0,44000.0,0.0,628000.0,10,62800.0,0.0
59532,3161026,15105,7350.0,41,OOJ,RECOMPRA,2026-02-26,41,ARCO NORTE,Zona 25,4398919,NUEVO,26-02-2026_15.xls,2026-02-26,15,9,2026,41.0,0.0,15000.0,0.0,470000.0,2,7500.0,0.0
126994,3161082,15105,10350.0,566,LWK,RECOMPRA,2026-02-26,566,ARCO NORTE,Zona 32,56693949,RECOMPRA,26-02-2026_15.xls,2026-02-26,15,9,2026,566.0,0.0,90000.0,0.0,380000.0,7,54285.71428571428,0.0
113029,3161197,15105,8744.0,603,HLS,RECOMPRA,2026-02-26,603,SUR PONIENTE,Zona 04,60395589,RECOMPRA,26-02-2026_15.xls,2026-02-26,15,9,2026,603.0,0.0,44000.0,0.0,513000.0,3,171000.0,0.0
131690,3161206,15105,15350.0,627,XDS,NUEVO,2026-02-26,627,ARCO NORTE,Zona 24,131690,NUEVO,26-02-2026_15.xls,2026-02-26,15,9,2026,627.0,0.0,45000.0,0.0,340000.0,3,15000.0,0.0
131692,3161250,15105,20350.0,352,XVL,NUEVO,2026-02-26,352,SUR PONIENTE,Zona 07,131692,NUEVO,26-02-2026_15.xls,2026-02-26,15,9,2026,352.0,0.0,44000.0,0.0,395000.0,3,14666.666666666666,0.0
54971,3161284,15105,31350.0,85,WDK,RECOMPRA,2026-02-26,85,SUR PONIENTE,Zona 09,8496569,RECOMPRA,26-02-2026_15.xls,2026-02-26,15,9,2026,85.0,0.0,44000.0,0.0,844000.0,5,168800.0,0.0
22518,3161317,15105,17000.0,343,FLO,RECOMPRA,2026-02-26,343,SUR PONIENTE,Zona 03,198464,RECOMPRA,26-02-2026_15.xls,2026-02-26,15,9,2026,343.0,0.0,44000.0,0.0,769000.0,15,51266.666666666664,0.0
40169,3161380,15105,25350.0,28,DWQ,RECOMPRA,2026-02-26,28,ARCO NORTE,Zona 25,2796157,RECOMPRA,26-02-2026_15.xls,2026-02-26,15,9,2026,28.0,0.0,30000.0,0.0,620000.0,4,155000.0,0.0
120100,3161403,15105,25350.0,55,GZO,RECOMPRA,2026-02-26,55,SUR PONIENTE,Zona 11,5598279,NUEVO,26-02-2026_15.xls,2026-02-26,15,9,2026,55.0,0.0,44000.0,0.0,634000.0,2,22000.0,0.0
112498,3161435,15105,77350.0,563,YYV,RECOMPRA,2026-02-26,563,ARCO NORTE,Zona 38,56397394,RECOMPRA,26-02-2026_15.xls,2026-02-26,15,9,2026,563.0,0.0,60000.0,0.0,400000.0,1,400000.0,0.0
74943,3161440,15105,40350.0,42,ZEI,RECOMPRA,2026-02-26,42,ARCO NORTE,Zona 25,4194959,RECOMPRA,26-02-2026_15.xls,2026-02-26,15,9,2026,42.0,0.0,15000.0,0.0,470000.0,4,117500.0,0.0
49801,3161468,15105,50350.0,42,ZEI,RECOMPRA,2026-02-26,42,ARCO NORTE,Zona 25,2896688,NUEVO,26-02-2026_15.xls,2026-02-26,15,9,2026,42.0,0.0,15000.0,0.0,470000.0,1,15000.0,0.0
115771,3161495,15105,21350.0,566,VUX,RECOMPRA,2026-02-26,566,ARCO NORTE,Zona 32,56693998,RECOMPRA,26-02-2026_15.xls,2026-02-26,15,9,2026,566.0,0.0,90000.0,0.0,380000.0,7,54285.71428571428,0.0
131694,3161501,15105,10744.0,332,SRF,NUEVO,2026-02-26,332,SUR PONIENTE,Zona 10,131694,NUEVO,26-02-2026_15.xls,2026-02-26,15,9,2026,332.0,0.0,44000.0,0.0,328000.0,1,44000.0,0.0
43206,3161519,15105,53350.0,61,YVI,RECOMPRA,2026-02-26,61,SUR PONIENTE,Zona 02,6197223,RECOMPRA,26-02-2026_15.xls,2026-02-26,15,9,2026,61.0,0.0,44000.0,0.0,443000.0,5,88600.0,0.0
46275,3161521,15105,50000.0,336,TOT,RECOMPRA,2026-02-26,336,SUR PONIENTE,Zona 06,31194330,RECOMPRA,26-02-2026_15.xls,2026-02-26,15,9,2026,336.0,0.0,44000.0,0.0,252000.0,3,84000.0,0.0
104240,3161530,15105,41350.0,331,XOF,RECOMPRA,2026-02-26,331,SUR PONIENTE,Zona 06,33199538,RECOMPRA,26-02-2026_15.xls,2026-02-26,15,9,2026,331.0,0.0,44000.0,0.0,442000.0,5,88400.0,0.0
81210,3161542,15105,10350.0,22,IHK,RECOMPRA,2026-02-26,22,ARCO NORTE,Zona 27,2291228,NUEVO,26-02-2026_15.xls,2026-02-26,15,9,2026,22.0,0.0,60000.0,0.0,1140000.0,1,60000.0,0.0
129130,3161552,15105,12350.0,91,YVT,RECOMPRA,2026-02-26,91,ARCO NORTE,Zona 26,9194402,RECOMPRA,26-02-2026_15.xls,2026-02-26,15,9,2026,91.0,0.0,30000.0,0.0,380000.0,1,380000.0,0.0
96864,3161593,15105,40744.0,24,IUO,RECOMPRA,2026-02-26,24,ARCO NORTE,Zona 37,16095821,RECOMPRA,26-02-2026_15.xls,2026-02-26,15,9,2026,24.0,0.0,45000.0,0.0,610000.0,5,122000.0,0.0
131695,3161602,15110,50000.0,565,YKA,NUEVO,2026-02-26,565,ARCO NORTE,Zona 32,131695,NUEVO,26-02-2026_15.xls,2026-02-26,15,9,2026,565.0,0.0,60000.0,0.0,300000.0,1,60000.0,0.0
56863,3161622,15105,28350.0,603,HLS,RECOMPRA,2026-02-26,603,SUR PONIENTE,Zona 04,60395815,RECOMPRA,26-02-2026_15.xls,2026-02-26,15,9,2026,603.0,0.0,44000.0,0.0,513000.0,3,171000.0,0.0
53273,3161668,15105,55100.0,123,TXA,RECOMPRA,2026-02-26,123,ARCO NORTE,Zona 36,12395216,RECOMPRA,26-02-2026_15.xls,2026-02-26,15,9,2026,123.0,0.0,45000.0,0.0,400000.0,6,66666.66666666667,0.0
131696,3161675,15105,8350.0,621,XSB,NUEVO,2026-02-26,621,ARCO NORTE,Zona 28,131696,NUEVO,26-02-2026_15.xls,2026-02-26,15,9,2026,621.0,0.0,45000.0,0.0,470000.0,2,22500.0,0.0
56111,3161684,15105,290350.0,22,IHK,RECOMPRA,2026-02-26,22,ARCO NORTE,Zona 27,2289606,RECOMPRA,26-02-2026_15.xls,2026-02-26,15,9,2026,22.0,0.0,60000.0,0.0,1140000.0,7,162857.14285714287,0.0
124898,3161691,15105,21350.0,344,WDQ,RECOMPRA,2026-02-26,344,SUR PONIENTE,Zona 07,7297732,RECOMPRA,26-02-2026_15.xls,2026-02-26,15,9,2026,344.0,0.0,44000.0,0.0,712000.0,13,54769.230769230766,0.0
83654,3161702,15105,9775.0,49,QVR,RECOMPRA,2026-02-26,49,ARCO NORTE,Zona 27,4494861,RECOMPRA,26-02-2026_15.xls,2026-02-26,15,9,2026,49.0,0.0,30000.0,0.0,960000.0,6,160000.0,0.0
131697,3161720,15105,15350.0,621,XSB,NUEVO,2026-02-26,621,ARCO NORTE,Zona 28,131697,NUEVO,26-02-2026_15.xls,2026-02-26,15,9,2026,621.0,0.0,45000.0,0.0,470000.0,2,22500.0,0.0
131698,3161742,15105,35574.0,26,BFF,RECOMPRA,2026-02-26,26,ARCO NORTE,Zona 37,131698,RECOMPRA,26-02-2026_15.xls,2026-02-26,15,9,2026,26.0,0.0,30000.0,0.0,280000.0,2,140000.0,0.0
77672,3161762,15105,56350.0,48,WIZ,RECOMPRA,2026-02-26,48,ARCO NORTE,Zona 29,197456,RECOMPRA,26-02-2026_15.xls,2026-02-26,15,9,2026,48.0,0.0,60000.0,0.0,1200000.0,3,400000.0,0.0
103157,3161771,15105,8350.0,562,YDZ,RECOMPRA,2026-02-26,562,ARCO NORTE,Zona 35,56295479,RECOMPRA,26-02-2026_15.xls,2026-02-26,15,9,2026,562.0,0.0,45000.0,0.0,330000.0,3,110000.0,0.0
110667,3161805,15105,24744.0,14,TPF,RECOMPRA,2026-02-26,14,SUR PONIENTE,Zona 02,7199094,RECOMPRA,26-02-2026_15.xls,2026-02-26,15,9,2026,14.0,0.0,44000.0,0.0,637000.0,4,159250.0,0.0
46436,3161822,15105,43350.0,123,TJZ,RECOMPRA,2026-02-26,123,ARCO NORTE,Zona 36,12398358,RECOMPRA,26-02-2026_15.xls,2026-02-26,15,9,2026,123.0,0.0,45000.0,0.0,400000.0,6,66666.66666666667,0.0
60874,3161835,15105,59350.0,48,YNL,RECOMPRA,2026-02-26,48,ARCO NORTE,Zona 29,4898183,RECOMPRA,26-02-2026_15.xls,2026-02-26,15,9,2026,48.0,0.0,60000.0,0.0,1200000.0,3,400000.0,0.0
98991,3161853,15105,200350.0,123,KUM,RECOMPRA,2026-02-26,123,ARCO NORTE,Zona 36,12399270,RECOMPRA,26-02-2026_15.xls,2026-02-26,15,9,2026,123.0,0.0,45000.0,0.0,400000.0,6,66666.66666666667,0.0
131700,3161909,15105,6350.0,51,UTN,NUEVO,2026-02-26,51,SUR PONIENTE,Zona 05,131700,NUEVO,26-02-2026_15.xls,2026-02-26,15,9,2026,51.0,0.0,44000.0,0.0,640000.0,1,44000.0,0.0
46940,3161926,15105,57350.0,346,UYE,RECOMPRA,2026-02-26,346,ARCO NORTE,Zona 31,34695974,RECOMPRA,26-02-2026_15.xls,2026-02-26,15,9,2026,346.0,0.0,60000.0,0.0,430000.0,4,107500.0,0.0
131701,3161936,15105,20350.0,352,XVL,NUEVO,2026-02-26,352,SUR PONIENTE,Zona 07,131701,NUEVO,26-02-2026_15.xls,2026-02-26,15,9,2026,352.0,0.0,44000.0,0.0,395000.0,3,14666.666666666666,0.0
74717,3161963,15105,25750.0,51,PCH,RECOMPRA,2026-02-26,51,SUR PONIENTE,Zona 05,5799248,RECOMPRA,26-02-2026_15.xls,2026-02-26,15,9,2026,51.0,0.0,44000.0,0.0,640000.0,7,91428.57142857143,0.0
43391,3161971,15105,66350.0,343,JNP,RECOMPRA,2026-02-26,343,SUR PONIENTE,Zona 03,34395503,RECOMPRA,26-02-2026_15.xls,2026-02-26,15,9,2026,343.0,0.0,44000.0,0.0,769000.0,15,51266.666666666664,0.0
44170,3161987,15105,28100.0,133,DZP,RECOMPRA,2026-02-26,133,SUR PONIENTE,Zona 01,13496375,RECOMPRA,26-02-2026_15.xls,2026-02-26,15,9,2026,133.0,0.0,44000.0,0.0,628000.0,10,62800.0,0.0
52242,3161991,15105,10350.0,566,LWK,RECOMPRA,2026-02-26,566,ARCO NORTE,Zona 32,56695008,RECOMPRA,26-02-2026_15.xls,2026-02-26,15,9,2026,566.0,0.0,90000.0,0.0,380000.0,7,54285.71428571428,0.0
53337,3162004,15105,49744.0,350,XDF,RECOMPRA,2026-02-26,350,SUR PONIENTE,Zona 12,35096336,RECOMPRA,26-02-2026_15.xls,2026-02-26,15,9,2026,350.0,0.0,44000.0,0.0,451000.0,1,451000.0,0.0
68926,3162032,15105,15350.0,344,WDQ,RECOMPRA,2026-02-26,344,SUR PONIENTE,Zona 07,34498322,RECOMPRA,26-02-2026_15.xls,2026-02-26,15,9,2026,344.0,0.0,44000.0,0.0,712000.0,13,54769.230769230766,0.0
45048,3160805,15105,12744.0,626,NDF,RECOMPRA,2026-02-26,626,SUR PONIENTE,Zona 12,62699017,RECOMPRA,26-02-2026_18.xls,2026-02-26,18,9,2026,626.0,0.0,44000.0,0.0,291000.0,4,72750.0,0.0
52290,3160821,15105,12800.0,343,FLO,RECOMPRA,2026-02-26,343,SUR PONIENTE,Zona 03,34397213,RECOMPRA,26-02-2026_18.xls,2026-02-26,18,9,2026,343.0,0.0,44000.0,0.0,769000.0,20,38450.0,0.0
131677,3160882,15105,10350.0,55,TJY,NUEVO,2026-02-26,55,SUR PONIENTE,Zona 11,131677,NUEVO,26-02-2026_18.xls,2026-02-26,18,9,2026,55.0,0.0,44000.0,0.0,634000.0,2,22000.0,0.0
60231,3160911,15105,33000.0,133,DZP,RECOMPRA,2026-02-26,133,SUR PONIENTE,Zona 01,13496335,RECOMPRA,26-02-2026_18.xls,2026-02-26,18,9,2026,133.0,0.0,44000.0,0.0,628000.0,18,34888.88888888889,0.0
97913,3160931,15105,65350.0,133,UKD,RECOMPRA,2026-02-26,133,SUR PONIENTE,Zona 01,13397693,RECOMPRA,26-02-2026_18.xls,2026-02-26,18,9,2026,133.0,0.0,44000.0,0.0,628000.0,18,34888.88888888889,0.0
59532,3161026,15105,7350.0,41,OOJ,RECOMPRA,2026-02-26,41,ARCO NORTE,Zona 25,4398919,NUEVO,26-02-2026_18.xls,2026-02-26,18,9,2026,41.0,0.0,15000.0,0.0,470000.0,3,5000.0,0.0
126994,3161082,15105,10350.0,566,LWK,RECOMPRA,2026-02-26,566,ARCO NORTE,Zona 32,56693949,RECOMPRA,26-02-2026_18.xls,2026-02-26,18,9,2026,566.0,0.0,90000.0,0.0,380000.0,12,31666.666666666668,0.0
113029,3161197,15105,8744.0,603,HLS,RECOMPRA,2026-02-26,603,SUR PONIENTE,Zona 04,60395589,RECOMPRA,26-02-2026_18.xls,2026-02-26,18,9,2026,603.0,0.0,44000.0,0.0,513000.0,3,171000.0,0.0
131690,3161206,15105,15350.0,627,XDS,NUEVO,2026-02-26,627,ARCO NORTE,Zona 24,131690,NUEVO,26-02-2026_18.xls,2026-02-26,18,9,2026,627.0,0.0,45000.0,0.0,340000.0,3,15000.0,0.0
131692,3161250,15105,20350.0,352,XVL,NUEVO,2026-02-26,352,SUR PONIENTE,Zona 07,131692,NUEVO,26-02-2026_18.xls,2026-02-26,18,9,2026,352.0,0.0,44000.0,0.0,395000.0,3,14666.666666666666,0.0
54971,3161284,15105,31350.0,85,WDK,RECOMPRA,2026-02-26,85,SUR PONIENTE,Zona 09,8496569,RECOMPRA,26-02-2026_18.xls,2026-02-26,18,9,2026,85.0,0.0,44000.0,0.0,844000.0,13,64923.07692307692,0.0
22518,3161317,15105,17000.0,343,FLO,RECOMPRA,2026-02-26,343,SUR PONIENTE,Zona 03,198464,RECOMPRA,26-02-2026_18.xls,2026-02-26,18,9,2026,343.0,0.0,44000.0,0.0,769000.0,20,38450.0,0.0
40169,3161380,15105,25350.0,28,DWQ,RECOMPRA,2026-02-26,28,ARCO NORTE,Zona 25,2796157,RECOMPRA,26-02-2026_18.xls,2026-02-26,18,9,2026,28.0,0.0,30000.0,0.0,620000.0,4,155000.0,0.0
120100,3161403,15105,25350.0,55,GZO,RECOMPRA,2026-02-26,55,SUR PONIENTE,Zona 11,5598279,NUEVO,26-02-2026_18.xls,2026-02-26,18,9,2026,55.0,0.0,44000.0,0.0,634000.0,2,22000.0,0.0
112498,3161435,15105,77350.0,563,YYV,RECOMPRA,2026-02-26,563,ARCO NORTE,Zona 38,56397394,RECOMPRA,26-02-2026_18.xls,2026-02-26,18,9,2026,563.0,0.0,60000.0,0.0,400000.0,8,50000.0,0.0
74943,3161440,15105,40350.0,42,ZEI,RECOMPRA,2026-02-26,42,ARCO NORTE,Zona 25,4194959,RECOMPRA,26-02-2026_18.xls,2026-02-26,18,9,2026,42.0,0.0,15000.0,0.0,470000.0,6,78333.33333333333,0.0
49801,3161468,15105,50350.0,42,ZEI,RECOMPRA,2026-02-26,42,ARCO NORTE,Zona 25,2896688,NUEVO,26-02-2026_18.xls,2026-02-26,18,9,2026,42.0,0.0,15000.0,0.0,470000.0,1,15000.0,0.0
115771,3161495,15105,21350.0,566,VUX,RECOMPRA,2026-02-26,566,ARCO NORTE,Zona 32,56693998,RECOMPRA,26-02-2026_18.xls,2026-02-26,18,9,2026,566.0,0.0,90000.0,0.0,380000.0,12,31666.666666666668,0.0
131694,3161501,15105,10744.0,332,SRF,NUEVO,2026-02-26,332,SUR PONIENTE,Zona 10,131694,NUEVO,26-02-2026_18.xls,2026-02-26,18,9,2026,332.0,0.0,44000.0,0.0,328000.0,1,44000.0,0.0
43206,3161519,15105,53350.0,61,YVI,RECOMPRA,2026-02-26,61,SUR PONIENTE,Zona 02,6197223,RECOMPRA,26-02-2026_18.xls,2026-02-26,18,9,2026,61.0,0.0,44000.0,0.0,443000.0,8,55375.0,0.0
46275,3161521,15105,50000.0,336,TOT,RECOMPRA,2026-02-26,336,SUR PONIENTE,Zona 06,31194330,RECOMPRA,26-02-2026_18.xls,2026-02-26,18,9,2026,336.0,0.0,44000.0,0.0,252000.0,3,84000.0,0.0
104240,3161530,15105,41350.0,331,XOF,RECOMPRA,2026-02-26,331,SUR PONIENTE,Zona 06,33199538,RECOMPRA,26-02-2026_18.xls,2026-02-26,18,9,2026,331.0,0.0,44000.0,0.0,442000.0,10,44200.0,0.0
81210,3161542,15105,10350.0,22,IHK,RECOMPRA,2026-02-26,22,ARCO NORTE,Zona 27,2291228,NUEVO,26-02-2026_18.xls,2026-02-26,18,9,2026,22.0,0.0,60000.0,0.0,1140000.0,1,60000.0,0.0
129130,3161552,15105,12350.0,91,YVT,RECOMPRA,2026-02-26,91,ARCO NORTE,Zona 26,9194402,RECOMPRA,26-02-2026_18.xls,2026-02-26,18,9,2026,91.0,0.0,30000.0,0.0,380000.0,2,190000.0,0.0
96864,3161593,15105,40744.0,24,IUO,RECOMPRA,2026-02-26,24,ARCO NORTE,Zona 37,16095821,RECOMPRA,26-02-2026_18.xls,2026-02-26,18,9,2026,24.0,0.0,45000.0,0.0,610000.0,9,67777.77777777778,0.0
131695,3161602,15110,50000.0,565,YKA,NUEVO,2026-02-26,565,ARCO NORTE,Zona 32,131695,NUEVO,26-02-2026_18.xls,2026-02-26,18,9,2026,565.0,0.0,60000.0,0.0,300000.0,2,30000.0,0.0
56863,3161622,15105,28350.0,603,HLS,RECOMPRA,2026-02-26,603,SUR PONIENTE,Zona 04,60395815,RECOMPRA,26-02-2026_18.xls,2026-02-26,18,9,2026,603.0,0.0,44000.0,0.0,513000.0,3,171000.0,0.0
53273,3161668,15105,55100.0,123,TXA,RECOMPRA,2026-02-26,123,ARCO NORTE,Zona 36,12395216,RECOMPRA,26-02-2026_18.xls,2026-02-26,18,9,2026,123.0,0.0,45000.0,0.0,400000.0,6,66666.66666666667,0.0
131696,3161675,15105,8350.0,621,XSB,NUEVO,2026-02-26,621,ARCO NORTE,Zona 28,131696,NUEVO,26-02-2026_18.xls,2026-02-26,18,9,2026,621.0,0.0,45000.0,0.0,470000.0,2,22500.0,0.0
56111,3161684,15105,290350.0,22,IHK,RECOMPRA,2026-02-26,22,ARCO NORTE,Zona 27,2289606,RECOMPRA,26-02-2026_18.xls,2026-02-26,18,9,2026,22.0,0.0,60000.0,0.0,1140000.0,11,103636.36363636363,0.0
124898,3161691,15105,21350.0,344,WDQ,RECOMPRA,2026-02-26,344,SUR PONIENTE,Zona 07,7297732,RECOMPRA,26-02-2026_18.xls,2026-02-26,18,9,2026,344.0,0.0,44000.0,0.0,712000.0,29,24551.724137931036,0.0
83654,3161702,15105,9775.0,49,QVR,RECOMPRA,2026-02-26,49,ARCO NORTE,Zona 27,4494861,RECOMPRA,26-02-2026_18.xls,2026-02-26,18,9,2026,49.0,0.0,30000.0,0.0,960000.0,14,68571.42857142857,0.0
131697,3161720,15105,15350.0,621,XSB,NUEVO,2026-02-26,621,ARCO NORTE,Zona 28,131697,NUEVO,26-02-2026_18.xls,2026-02-26,18,9,2026,621.0,0.0,45000.0,0.0,470000.0,2,22500.0,0.0
131698,3161742,15105,35574.0,26,BFF,RECOMPRA,2026-02-26,26,ARCO NORTE,Zona 37,131698,RECOMPRA,26-02-2026_18.xls,2026-02-26,18,9,2026,26.0,0.0,30000.0,0.0,280000.0,5,56000.0,0.0
77672,3161762,15105,56350.0,48,WIZ,RECOMPRA,2026-02-26,48,ARCO NORTE,Zona 29,197456,RECOMPRA,26-02-2026_18.xls,2026-02-26,18,9,2026,48.0,0.0,60000.0,0.0,1200000.0,6,200000.0,0.0
103157,3161771,15105,8350.0,562,YDZ,RECOMPRA,2026-02-26,562,ARCO NORTE,Zona 35,56295479,RECOMPRA,26-02-2026_18.xls,2026-02-26,18,9,2026,562.0,0.0,45000.0,0.0,330000.0,5,66000.0,0.0
110667,3161805,15105,24744.0,14,TPF,RECOMPRA,2026-02-26,14,SUR PONIENTE,Zona 02,7199094,RECOMPRA,26-02-2026_18.xls,2026-02-26,18,9,2026,14.0,0.0,44000.0,0.0,637000.0,6,106166.66666666667,0.0
46436,3161822,15105,43350.0,123,TJZ,RECOMPRA,2026-02-26,123,ARCO NORTE,Zona 36,12398358,RECOMPRA,26-02-2026_18.xls,2026-02-26,18,9,2026,123.0,0.0,45000.0,0.0,400000.0,6,66666.66666666667,0.0
60874,3161835,15105,59350.0,48,YNL,RECOMPRA,2026-02-26,48,ARCO NORTE,Zona 29,4898183,RECOMPRA,26-02-2026_18.xls,2026-02-26,18,9,2026,48.0,0.0,60000.0,0.0,1200000.0,6,200000.0,0.0
98991,3161853,15105,200350.0,123,KUM,RECOMPRA,2026-02-26,123,ARCO NORTE,Zona 36,12399270,RECOMPRA,26-02-2026_18.xls,2026-02-26,18,9,2026,123.0,0.0,45000.0,0.0,400000.0,6,66666.66666666667,0.0
131700,3161909,15105,6350.0,51,UTN,NUEVO,2026-02-26,51,SUR PONIENTE,Zona 05,131700,NUEVO,26-02-2026_18.xls,2026-02-26,18,9,2026,51.0,0.0,44000.0,0.0,640000.0,1,44000.0,0.0
46940,3161926,15105,57350.0,346,UYE,RECOMPRA,2026-02-26,346,ARCO NORTE,Zona 31,34695974,RECOMPRA,26-02-2026_18.xls,2026-02-26,18,9,2026,346.0,0.0,60000.0,0.0,430000.0,5,86000.0,0.0
131701,3161936,15105,20350.0,352,XVL,NUEVO,2026-02-26,352,SUR PONIENTE,Zona 07,131701,NUEVO,26-02-2026_18.xls,2026-02-26,18,9,2026,352.0,0.0,44000.0,0.0,395000.0,3,14666.666666666666,0.0
74717,3161963,15105,25750.0,51,PCH,RECOMPRA,2026-02-26,51,SUR PONIENTE,Zona 05,5799248,RECOMPRA,26-02-2026_18.xls,2026-02-26,18,9,2026,51.0,0.0,44000.0,0.0,640000.0,13,49230.769230769234,0.0
43391,3161971,15105,66350.0,343,JNP,RECOMPRA,2026-02-26,343,SUR PONIENTE,Zona 03,34395503,RECOMPRA,26-02-2026_18.xls,2026-02-26,18,9,2026,343.0,0.0,44000.0,0.0,769000.0,20,38450.0,0.0
44170,3161987,15105,28100.0,133,DZP,RECOMPRA,2026-02-26,133,SUR PONIENTE,Zona 01,13496375,RECOMPRA,26-02-2026_18.xls,2026-02-26,18,9,2026,133.0,0.0,44000.0,0.0,628000.0,18,34888.88888888889,0.0
52242,3161991,15105,10350.0,566,LWK,RECOMPRA,2026-02-26,566,ARCO NORTE,Zona 32,56695008,RECOMPRA,26-02-2026_18.xls,2026-02-26,18,9,2026,566.0,0.0,90000.0,0.0,380000.0,12,31666.666666666668,0.0
53337,3162004,15105,49744.0,350,XDF,RECOMPRA,2026-02-26,350,SUR PONIENTE,Zona 12,35096336,RECOMPRA,26-02-2026_18.xls,2026-02-26,18,9,2026,350.0,0.0,44000.0,0.0,451000.0,4,112750.0,0.0
68926,3162032,15105,15350.0,344,WDQ,RECOMPRA,2026-02-26,344,SUR PONIENTE,Zona 07,34498322,RECOMPRA,26-02-2026_18.xls,2026-02-26,18,9,2026,344.0,0.0,44000.0,0.0,712000.0,29,24551.724137931036,0.0
58434,3162046,15105,6750.0,51,PCH,RECOMPRA,2026-02-26,51,SUR PONIENTE,Zona 05,5192482,RECOMPRA,26-02-2026_18.xls,2026-02-26,18,9,2026,51.0,0.0,44000.0,0.0,640000.0,13,49230.769230769234,0.0
51306,3162077,15105,95350.0,114,ZGB,RECOMPRA,2026-02-26,114,ARCO NORTE,Zona 33,11495778,RECOMPRA,26-02-2026_18.xls,2026-02-26,18,9,2026,114.0,0.0,75000.0,0.0,590000.0,7,84285.71428571429,0.0
45795,3162082,15105,20574.0,215,VZY,RECOMPRA,2026-02-26,215,SUR PONIENTE,Zona 02,21596842,RECOMPRA,26-02-2026_18.xls,2026-02-26,18,9,2026,215.0,0.0,44000.0,0.0,504000.0,7,72000.0,0.0
45724,3162097,15105,38500.0,55,GZO,RECOMPRA,2026-02-26,55,SUR PONIENTE,Zona 11,5294491,RECOMPRA,26-02-2026_18.xls,2026-02-26,18,9,2026,55.0,0.0,44000.0,0.0,634000.0,11,57636.36363636364,0.0
45207,3162100,15105,10351.0,133,ZGB,RECOMPRA,2026-02-26,133,SUR PONIENTE,Zona 01,13497097,RECOMPRA,26-02-2026_18.xls,2026-02-26,18,9,2026,133.0,0.0,44000.0,0.0,628000.0,18,34888.88888888889,0.0
105894,3162118,15105,31744.0,342,HEE,RECOMPRA,2026-02-26,342,SUR PONIENTE,Zona 03,34298556,RECOMPRA,26-02-2026_18.xls,2026-02-26,18,9,2026,342.0,0.0,44000.0,0.0,971000.0,19,51105.26315789474,0.0
94111,3162143,15105,35350.0,627,ZEF,RECOMPRA,2026-02-26,627,ARCO NORTE,Zona 24,62796203,RECOMPRA,26-02-2026_18.xls,2026-02-26,18,9,2026,627.0,0.0,45000.0,0.0,340000.0,6,56666.666666666664,0.0
18923,3162160,15105,66700.0,55,GZO,RECOMPRA,2026-02-26,55,SUR PONIENTE,Zona 11,5293659,RECOMPRA,26-02-2026_18.xls,2026-02-26,18,9,2026,55.0,0.0,44000.0,0.0,634000.0,11,57636.36363636364,0.0
131702,3162172,15105,6350.0,642,RNX,NUEVO,2026-02-26,642,ARCO NORTE,Zona 40,131702,NUEVO,26-02-2026_18.xls,2026-02-26,18,9,2026,642.0,0.0,60000.0,0.0,350000.0,7,8571.42857142857,0.0
90724,3162191,15105,7350.0,211,USB,RECOMPRA,2026-02-26,211,ARCO NORTE,Zona 31,21197014,RECOMPRA,26-02-2026_18.xls,2026-02-26,18,9,2026,211.0,0.0,60000.0,0.0,530000.0,10,53000.0,0.0
123932,3162228,15105,18350.0,55,TTG,RECOMPRA,2026-02-26,55,SUR PONIENTE,Zona 11,5899398,RECOMPRA,26-02-2026_18.xls,2026-02-26,18,9,2026,55.0,0.0,44000.0,0.0,634000.0,11,57636.36363636364,0.0
54498,3162234,15105,84744.0,623,LSR,RECOMPRA,2026-02-26,623,ARCO NORTE,Zona 28,62398576,RECOMPRA,26-02-2026_18.xls,2026-02-26,18,9,2026,623.0,0.0,30000.0,0.0,280000.0,12,23333.333333333332,0.0
128931,3162245,15105,35500.0,342,YFH,RECOMPRA,2026-02-26,342,SUR PONIENTE,Zona 03,34296862,RECOMPRA,26-02-2026_18.xls,2026-02-26,18,9,2026,342.0,0.0,44000.0,0.0,971000.0,19,51105.26315789474,0.0
112524,3162272,15105,26350.0,49,QVR,RECOMPRA,2026-02-26,49,ARCO NORTE,Zona 27,4495084,RECOMPRA,26-02-2026_18.xls,2026-02-26,18,9,2026,49.0,0.0,30000.0,0.0,960000.0,14,68571.42857142857,0.0
125146,3162318,15110,11000.0,342,WTL,RECOMPRA,2026-02-26,342,SUR PONIENTE,Zona 03,34293007,RECOMPRA,26-02-2026_18.xls,2026-02-26,18,9,2026,342.0,0.0,44000.0,0.0,971000.0,19,51105.26315789474,0.0
65945,3162336,15105,15350.0,642,RNX,RECOMPRA,2026-02-26,642,ARCO NORTE,Zona 40,64294363,NUEVO,26-02-2026_18.xls,2026-02-26,18,9,2026,642.0,0.0,60000.0,0.0,350000.0,7,8571.42857142857,0.0
53495,3162341,15105,75350.0,561,SUD,RECOMPRA,2026-02-26,561,ARCO NORTE,Zona 35,56199800,RECOMPRA,26-02-2026_18.xls,2026-02-26,18,9,2026,561.0,0.0,45000.0,0.0,650000.0,5,130000.0,0.0
113817,3162392,15105,46350.0,48,YNL,RECOMPRA,2026-02-26,48,ARCO NORTE,Zona 29,4895821,RECOMPRA,26-02-2026_18.xls,2026-02-26,18,9,2026,48.0,0.0,60000.0,0.0,1200000.0,6,200000.0,0.0
68624,3162405,15105,10350.0,61,HQZ,RECOMPRA,2026-02-26,61,SUR PONIENTE,Zona 02,6196397,RECOMPRA,26-02-2026_18.xls,2026-02-26,18,9,2026,61.0,0.0,44000.0,0.0,443000.0,8,55375.0,0.0
131705,3162427,15105,7350.0,642,WSN,NUEVO,2026-02-26,642,ARCO NORTE,Zona 40,131705,NUEVO,26-02-2026_18.xls,2026-02-26,18,9,2026,642.0,0.0,60000.0,0.0,350000.0,7,8571.42857142857,0.0
96284,3162439,15105,46000.0,311,TLZ,RECOMPRA,2026-02-26,311,SUR PONIENTE,Zona 06,31195089,RECOMPRA,26-02-2026_18.xls,2026-02-26,18,9,2026,311.0,0.0,44000.0,0.0,446000.0,4,111500.0,0.0
52024,3162501,15105,100744.0,626,YVN,RECOMPRA,2026-02-26,626,SUR PONIENTE,Zona 12,62498251,RECOMPRA,26-02-2026_18.xls,2026-02-26,18,9,2026,626.0,0.0,44000.0,0.0,291000.0,4,72750.0,0.0
86181,3162510,15105,15450.0,1,VBX,RECOMPRA,2026-02-26,344,SUR PONIENTE,Zona 07,34594157,RECOMPRA,26-02-2026_18.xls,2026-02-26,18,9,2026,,,,,,14,,
54572,3162530,15105,12350.0,627,ONL,RECOMPRA,2026-02-26,627,ARCO NORTE,Zona 24,62798972,RECOMPRA,26-02-2026_18.xls,2026-02-26,18,9,2026,627.0,0.0,45000.0,0.0,340000.0,6,56666.666666666664,0.0
131709,3162553,15105,18350.0,114,ZET,NUEVO,2026-02-26,114,ARCO NORTE,Zona 33,131709,NUEVO,26-02-2026_18.xls,2026-02-26,18,9,2026,114.0,0.0,75000.0,0.0,590000.0,1,75000.0,0.0
51306,3162568,15105,95350.0,114,WJA,RECOMPRA,2026-02-26,114,ARCO NORTE,Zona 33,11495778,RECOMPRA,26-02-2026_18.xls,2026-02-26,18,9,2026,114.0,0.0,75000.0,0.0,590000.0,7,84285.71428571429,0.0
45755,3162618,15105,23000.0,49,QVR,RECOMPRA,2026-02-26,49,ARCO NORTE,Zona 27,4795724,RECOMPRA,26-02-2026_18.xls,2026-02-26,18,9,2026,49.0,0.0,30000.0,0.0,960000.0,14,68571.42857142857,0.0
112010,3162628,15105,15350.0,55,TTG,RECOMPRA,2026-02-26,55,SUR PONIENTE,Zona 11,5595961,RECOMPRA,26-02-2026_18.xls,2026-02-26,18,9,2026,55.0,0.0,44000.0,0.0,634000.0,11,57636.36363636364,0.0
57213,3162630,15105,10744.0,981,RJL,RECOMPRA,2026-02-26,24,ARCO NORTE,Zona 37,2493044,RECOMPRA,26-02-2026_18.xls,2026-02-26,18,9,2026,981.0,0.0,60000.0,0.0,590000.0,10,59000.0,0.0
131711,3162669,15105,8350.0,347,MEV,NUEVO,2026-02-26,347,ARCO NORTE,Zona 36,131711,NUEVO,26-02-2026_18.xls,2026-02-26,18,9,2026,347.0,0.0,45000.0,0.0,550000.0,1,45000.0,0.0
46753,3162681,15105,6000.0,342,HEE,RECOMPRA,2026-02-26,342,SUR PONIENTE,Zona 03,34297144,RECOMPRA,26-02-2026_18.xls,2026-02-26,18,9,2026,342.0,0.0,44000.0,0.0,971000.0,19,51105.26315789474,0.0
131712,3162701,15105,5350.0,981,YDH,RECOMPRA,2026-02-26,981,ARCO NORTE,Zona 34,131712,RECOMPRA,26-02-2026_18.xls,2026-02-26,18,9,2026,981.0,0.0,60000.0,0.0,590000.0,10,59000.0,0.0
47357,3162734,15105,43350.0,622,BSD,RECOMPRA,2026-02-26,622,ARCO NORTE,Zona 33,62296460,RECOMPRA,26-02-2026_18.xls,2026-02-26,18,9,2026,622.0,0.0,45000.0,0.0,280000.0,7,40000.0,0.0
131703,3162785,15105,33000.0,28,WSD,NUEVO,2026-02-26,28,ARCO NORTE,Zona 25,131703,NUEVO,26-02-2026_18.xls,2026-02-26,18,9,2026,28.0,0.0,30000.0,0.0,620000.0,1,30000.0,0.0
44457,3162804,15105,15350.0,352,XVL,RECOMPRA,2026-02-26,352,SUR PONIENTE,Zona 07,35298821,RECOMPRA,26-02-2026_18.xls,2026-02-26,18,9,2026,352.0,0.0,44000.0,0.0,395000.0,3,131666.66666666666,0.0
42853,3162819,15105,140350.0,133,UKD,RECOMPRA,2026-02-26,133,SUR PONIENTE,Zona 01,13396430,RECOMPRA,26-02-2026_18.xls,2026-02-26,18,9,2026,133.0,0.0,44000.0,0.0,628000.0,18,34888.88888888889,0.0
44751,3162845,15105,12580.0,344,VBX,RECOMPRA,2026-02-26,344,SUR PONIENTE,Zona 07,31398877,RECOMPRA,26-02-2026_18.xls,2026-02-26,18,9,2026,344.0,0.0,44000.0,0.0,712000.0,29,24551.724137931036,0.0
92550,3162850,15105,12350.0,344,WDQ,RECOMPRA,2026-02-26,344,SUR PONIENTE,Zona 07,34496664,RECOMPRA,26-02-2026_18.xls,2026-02-26,18,9,2026,344.0,0.0,44000.0,0.0,712000.0,29,24551.724137931036,0.0
102849,3162869,15105,64350.0,45,WWZ,RECOMPRA,2026-02-26,45,ARCO NORTE,Zona 34,4596928,RECOMPRA,26-02-2026_18.xls,2026-02-26,18,9,2026,45.0,0.0,60000.0,0.0,670000.0,17,39411.76470588235,0.0
101841,3162872,15105,12744.0,623,LSR,RECOMPRA,2026-02-26,623,ARCO NORTE,Zona 28,62395012,NUEVO,26-02-2026_18.xls,2026-02-26,18,9,2026,623.0,0.0,30000.0,0.0,280000.0,1,30000.0,0.0
125999,3162882,15105,15600.0,215,VZY,RECOMPRA,2026-02-26,215,SUR PONIENTE,Zona 02,21595138,RECOMPRA,26-02-2026_18.xls,2026-02-26,18,9,2026,215.0,0.0,44000.0,0.0,504000.0,7,72000.0,0.0
131713,3162891,15105,30351.0,133,UKD,RECOMPRA,2026-02-26,133,SUR PONIENTE,Zona 01,131713,RECOMPRA,26-02-2026_18.xls,2026-02-26,18,9,2026,133.0,0.0,44000.0,0.0,628000.0,18,34888.88888888889,0.0
74780,3162903,15105,18892.0,344,WDQ,RECOMPRA,2026-02-26,344,SUR PONIENTE,Zona 07,10197519,RECOMPRA,26-02-2026_18.xls,2026-02-26,18,9,2026,344.0,0.0,44000.0,0.0,712000.0,29,24551.724137931036,0.0
81007,3162911,15105,73350.0,32,VRZ,RECOMPRA,2026-02-26,32,SUR PONIENTE,Zona 08,3294642,RECOMPRA,26-02-2026_18.xls,2026-02-26,18,9,2026,32.0,0.0,44000.0,0.0,601000.0,12,50083.333333333336,0.0
128302,3162927,15105,15350.0,566,LWK,RECOMPRA,2026-02-26,566,ARCO NORTE,Zona 32,56697194,RECOMPRA,26-02-2026_18.xls,2026-02-26,18,9,2026,566.0,0.0,90000.0,0.0,380000.0,12,31666.666666666668,0.0
49307,3162931,15105,12350.0,32,YNI,RECOMPRA,2026-02-26,32,SUR PONIENTE,Zona 08,3293326,RECOMPRA,26-02-2026_18.xls,2026-02-26,18,9,2026,32.0,0.0,44000.0,0.0,601000.0,12,50083.333333333336,0.0
93692,3162949,15105,18350.0,981,UIJ,RECOMPRA,2026-02-26,981,ARCO NORTE,Zona 34,14199693,RECOMPRA,26-02-2026_18.xls,2026-02-26,18,9,2026,981.0,0.0,60000.0,0.0,590000.0,10,59000.0,0.0
51533,3162952,15105,25350.0,22,IHK,RECOMPRA,2026-02-26,22,ARCO NORTE,Zona 27,2292242,RECOMPRA,26-02-2026_18.xls,2026-02-26,18,9,2026,22.0,0.0,60000.0,0.0,1140000.0,11,103636.36363636363,0.0
119705,3162969,15110,36000.0,342,WTL,RECOMPRA,2026-02-26,342,SUR PONIENTE,Zona 03,34293727,RECOMPRA,26-02-2026_18.xls,2026-02-26,18,9,2026,342.0,0.0,44000.0,0.0,971000.0,19,51105.26315789474,0.0
74421,3162972,15105,25000.0,22,ABH,RECOMPRA,2026-02-26,22,ARCO NORTE,Zona 27,2187565,RECOMPRA,26-02-2026_18.xls,2026-02-26,18,9,2026,22.0,0.0,60000.0,0.0,1140000.0,11,103636.36363636363,0.0
66119,3162981,15105,18400.0,49,QVR,RECOMPRA,2026-02-26,49,ARCO NORTE,Zona 27,4794084,RECOMPRA,26-02-2026_18.xls,2026-02-26,18,9,2026,49.0,0.0,30000.0,0.0,960000.0,14,68571.42857142857,0.0
47482,3162992,15105,50350.0,563,YYV,RECOMPRA,2026-02-26,563,ARCO NORTE,Zona 38,56399238,RECOMPRA,26-02-2026_18.xls,2026-02-26,18,9,2026,563.0,0.0,60000.0,0.0,400000.0,8,50000.0,0.0
48001,3163787,15105,15350.0,32,VRZ,RECOMPRA,2026-02-27,32,SUR PONIENTE,Zona 08,6199290,RECOMPRA,27-02-2026_12.xls,2026-02-27,12,9,2026,32.0,0.0,44000.0,0.0,601000.0,2,300500.0,0.0
52048,3163793,15105,51350.0,61,YVI,RECOMPRA,2026-02-27,61,SUR PONIENTE,Zona 02,6193901,RECOMPRA,27-02-2026_12.xls,2026-02-27,12,9,2026,61.0,0.0,44000.0,0.0,443000.0,2,221500.0,0.0
131719,3163819,15110,7744.0,342,YFH,NUEVO,2026-02-27,342,SUR PONIENTE,Zona 03,131719,NUEVO,27-02-2026_12.xls,2026-02-27,12,9,2026,342.0,0.0,44000.0,0.0,971000.0,1,44000.0,0.0
46934,3163841,15105,78160.0,331,XOF,RECOMPRA,2026-02-27,331,SUR PONIENTE,Zona 06,32197172,RECOMPRA,27-02-2026_12.xls,2026-02-27,12,9,2026,331.0,0.0,44000.0,0.0,442000.0,1,442000.0,0.0
72146,3163911,15105,21000.0,61,HQZ,RECOMPRA,2026-02-27,61,SUR PONIENTE,Zona 02,197573,RECOMPRA,27-02-2026_12.xls,2026-02-27,12,9,2026,61.0,0.0,44000.0,0.0,443000.0,2,221500.0,0.0
67741,3163978,15105,30250.0,114,DFR,RECOMPRA,2026-02-27,114,ARCO NORTE,Zona 33,11398230,RECOMPRA,27-02-2026_12.xls,2026-02-27,12,9,2026,114.0,0.0,75000.0,0.0,590000.0,1,590000.0,0.0
101484,3164023,15105,31744.0,347,IZD,RECOMPRA,2026-02-27,347,ARCO NORTE,Zona 36,196710,RECOMPRA,27-02-2026_12.xls,2026-02-27,12,9,2026,347.0,0.0,45000.0,0.0,550000.0,1,550000.0,0.0
49034,3164065,15105,14800.0,344,VBX,RECOMPRA,2026-02-27,344,SUR PONIENTE,Zona 07,34596614,RECOMPRA,27-02-2026_12.xls,2026-02-27,12,9,2026,344.0,0.0,44000.0,0.0,712000.0,2,356000.0,0.0
103117,3164081,15105,20350.0,22,IHK,RECOMPRA,2026-02-27,22,ARCO NORTE,Zona 27,2289487,RECOMPRA,27-02-2026_12.xls,2026-02-27,12,9,2026,22.0,0.0,60000.0,0.0,1140000.0,2,570000.0,0.0
45533,3164152,15105,41000.0,345,UIQ,RECOMPRA,2026-02-27,345,SUR PONIENTE,Zona 03,34595700,RECOMPRA,27-02-2026_12.xls,2026-02-27,12,9,2026,345.0,0.0,44000.0,0.0,1155000.0,5,231000.0,0.0
68355,3164192,15105,16700.0,342,YFH,RECOMPRA,2026-02-27,342,SUR PONIENTE,Zona 03,34293412,RECOMPRA,27-02-2026_12.xls,2026-02-27,12,9,2026,342.0,0.0,44000.0,0.0,971000.0,4,242750.0,0.0
48001,3163787,15105,15350.0,32,VRZ,RECOMPRA,2026-02-27,32,SUR PONIENTE,Zona 08,6199290,RECOMPRA,27-02-2026_15.xls,2026-02-27,15,9,2026,32.0,0.0,44000.0,0.0,601000.0,5,120200.0,0.0
52048,3163793,15105,51350.0,61,YVI,RECOMPRA,2026-02-27,61,SUR PONIENTE,Zona 02,6193901,RECOMPRA,27-02-2026_15.xls,2026-02-27,15,9,2026,61.0,0.0,44000.0,0.0,443000.0,5,88600.0,0.0
131719,3163819,15110,7744.0,342,YFH,NUEVO,2026-02-27,342,SUR PONIENTE,Zona 03,131719,NUEVO,27-02-2026_15.xls,2026-02-27,15,9,2026,342.0,0.0,44000.0,0.0,971000.0,2,22000.0,0.0
46934,3163841,15105,78160.0,331,XOF,RECOMPRA,2026-02-27,331,SUR PONIENTE,Zona 06,32197172,RECOMPRA,27-02-2026_15.xls,2026-02-27,15,9,2026,331.0,0.0,44000.0,0.0,442000.0,5,88400.0,0.0
72146,3163911,15105,21000.0,61,HQZ,RECOMPRA,2026-02-27,61,SUR PONIENTE,Zona 02,197573,RECOMPRA,27-02-2026_15.xls,2026-02-27,15,9,2026,61.0,0.0,44000.0,0.0,443000.0,5,88600.0,0.0
67741,3163978,15105,30250.0,114,DFR,RECOMPRA,2026-02-27,114,ARCO NORTE,Zona 33,11398230,RECOMPRA,27-02-2026_15.xls,2026-02-27,15,9,2026,114.0,0.0,75000.0,0.0,590000.0,2,295000.0,0.0
101484,3164023,15105,31744.0,347,IZD,RECOMPRA,2026-02-27,347,ARCO NORTE,Zona 36,196710,RECOMPRA,27-02-2026_15.xls,2026-02-27,15,9,2026,347.0,0.0,45000.0,0.0,550000.0,2,275000.0,0.0
49034,3164065,15105,14800.0,344,VBX,RECOMPRA,2026-02-27,344,SUR PONIENTE,Zona 07,34596614,RECOMPRA,27-02-2026_15.xls,2026-02-27,15,9,2026,344.0,0.0,44000.0,0.0,712000.0,13,54769.230769230766,0.0
103117,3164081,15105,20350.0,22,IHK,RECOMPRA,2026-02-27,22,ARCO NORTE,Zona 27,2289487,RECOMPRA,27-02-2026_15.xls,2026-02-27,15,9,2026,22.0,0.0,60000.0,0.0,1140000.0,7,162857.14285714287,0.0
45533,3164152,15105,41000.0,345,UIQ,RECOMPRA,2026-02-27,345,SUR PONIENTE,Zona 03,34595700,RECOMPRA,27-02-2026_15.xls,2026-02-27,15,9,2026,345.0,0.0,44000.0,0.0,1155000.0,12,96250.0,0.0
68355,3164192,15105,16700.0,342,YFH,RECOMPRA,2026-02-27,342,SUR PONIENTE,Zona 03,34293412,RECOMPRA,27-02-2026_15.xls,2026-02-27,15,9,2026,342.0,0.0,44000.0,0.0,971000.0,7,138714.2857142857,0.0
131724,3164241,15105,34000.0,41,OOJ,NUEVO,2026-02-27,41,ARCO NORTE,Zona 25,131724,NUEVO,27-02-2026_15.xls,2026-02-27,15,9,2026,41.0,0.0,15000.0,0.0,470000.0,2,7500.0,0.0
89267,3164263,15105,13152.0,24,IUO,RECOMPRA,2026-02-27,24,ARCO NORTE,Zona 37,16095900,NUEVO,27-02-2026_15.xls,2026-02-27,15,9,2026,24.0,0.0,45000.0,0.0,610000.0,2,22500.0,0.0
54321,3164283,15105,16744.0,342,WTL,RECOMPRA,2026-02-27,342,SUR PONIENTE,Zona 03,34293554,RECOMPRA,27-02-2026_15.xls,2026-02-27,15,9,2026,342.0,0.0,44000.0,0.0,971000.0,7,138714.2857142857,0.0
112893,3164317,15105,13575.0,313,YXF,RECOMPRA,2026-02-27,313,SUR PONIENTE,Zona 10,31393563,RECOMPRA,27-02-2026_15.xls,2026-02-27,15,9,2026,313.0,0.0,44000.0,0.0,429000.0,1,429000.0,0.0
85954,3164332,15105,21850.0,566,LWK,RECOMPRA,2026-02-27,566,ARCO NORTE,Zona 32,56699483,RECOMPRA,27-02-2026_15.xls,2026-02-27,15,9,2026,566.0,0.0,90000.0,0.0,380000.0,7,54285.71428571428,0.0
72982,3164347,15105,5350.0,45,WZI,RECOMPRA,2026-02-27,45,ARCO NORTE,Zona 34,4594971,NUEVO,27-02-2026_15.xls,2026-02-27,15,9,2026,45.0,0.0,60000.0,0.0,670000.0,1,60000.0,0.0
84746,3164362,15105,5350.0,211,WST,RECOMPRA,2026-02-27,211,ARCO NORTE,Zona 31,21199843,NUEVO,27-02-2026_15.xls,2026-02-27,15,9,2026,211.0,0.0,60000.0,0.0,530000.0,1,60000.0,0.0
102326,3164463,15105,60350.0,628,ZFA,RECOMPRA,2026-02-27,628,ARCO NORTE,Zona 30,62899334,RECOMPRA,27-02-2026_15.xls,2026-02-27,15,9,2026,628.0,0.0,30000.0,0.0,590000.0,4,147500.0,0.0
131727,3164527,15105,5350.0,627,XDS,NUEVO,2026-02-27,627,ARCO NORTE,Zona 24,131727,NUEVO,27-02-2026_15.xls,2026-02-27,15,9,2026,627.0,0.0,45000.0,0.0,340000.0,3,15000.0,0.0
105107,3164541,15105,106350.0,85,TWP,RECOMPRA,2026-02-27,85,SUR PONIENTE,Zona 09,8298519,RECOMPRA,27-02-2026_15.xls,2026-02-27,15,9,2026,85.0,0.0,44000.0,0.0,844000.0,5,168800.0,0.0
128669,3164569,15105,13350.0,22,ABH,RECOMPRA,2026-02-27,22,ARCO NORTE,Zona 27,2196329,RECOMPRA,27-02-2026_15.xls,2026-02-27,15,9,2026,22.0,0.0,60000.0,0.0,1140000.0,7,162857.14285714287,0.0
131729,3164592,15105,5350.0,981,YDH,RECOMPRA,2026-02-27,981,ARCO NORTE,Zona 34,131729,RECOMPRA,27-02-2026_15.xls,2026-02-27,15,9,2026,981.0,0.0,60000.0,0.0,590000.0,5,118000.0,0.0
46718,3164618,15105,15350.0,625,GKD,RECOMPRA,2026-02-27,625,ARCO NORTE,Zona 39,62598658,RECOMPRA,27-02-2026_15.xls,2026-02-27,15,9,2026,625.0,0.0,30000.0,0.0,240000.0,3,80000.0,0.0
119006,3164629,15105,30350.0,344,WDQ,RECOMPRA,2026-02-27,344,SUR PONIENTE,Zona 07,7295468,RECOMPRA,27-02-2026_15.xls,2026-02-27,15,9,2026,344.0,0.0,44000.0,0.0,712000.0,13,54769.230769230766,0.0
129517,3164639,15105,22445.0,131,UKD,RECOMPRA,2026-02-27,133,SUR PONIENTE,Zona 01,13399124,RECOMPRA,27-02-2026_15.xls,2026-02-27,15,9,2026,131.0,0.0,44000.0,0.0,322000.0,2,161000.0,0.0
67676,3164655,15105,5744.0,332,SRF,RECOMPRA,2026-02-27,332,SUR PONIENTE,Zona 10,33296302,RECOMPRA,27-02-2026_15.xls,2026-02-27,15,9,2026,332.0,0.0,44000.0,0.0,328000.0,1,328000.0,0.0
45885,3164689,15105,25350.0,562,YDZ,RECOMPRA,2026-02-27,562,ARCO NORTE,Zona 35,56295868,RECOMPRA,27-02-2026_15.xls,2026-02-27,15,9,2026,562.0,0.0,45000.0,0.0,330000.0,3,110000.0,0.0
89758,3164692,15105,23350.0,566,QFX,RECOMPRA,2026-02-27,566,ARCO NORTE,Zona 32,56694149,RECOMPRA,27-02-2026_15.xls,2026-02-27,15,9,2026,566.0,0.0,90000.0,0.0,380000.0,7,54285.71428571428,0.0
76928,3164705,15105,10350.0,561,ZGB,RECOMPRA,2026-02-27,561,ARCO NORTE,Zona 35,55094967,RECOMPRA,27-02-2026_15.xls,2026-02-27,15,9,2026,561.0,0.0,45000.0,0.0,650000.0,2,325000.0,0.0
59245,3164724,15105,10350.0,51,PCH,RECOMPRA,2026-02-27,51,SUR PONIENTE,Zona 05,5198521,RECOMPRA,27-02-2026_15.xls,2026-02-27,15,9,2026,51.0,0.0,44000.0,0.0,640000.0,7,91428.57142857143,0.0
114397,3164732,15105,33580.0,345,UIQ,RECOMPRA,2026-02-27,345,SUR PONIENTE,Zona 03,34593921,RECOMPRA,27-02-2026_15.xls,2026-02-27,15,9,2026,345.0,0.0,44000.0,0.0,1155000.0,12,96250.0,0.0
53696,3164765,15105,15350.0,45,WZI,RECOMPRA,2026-02-27,45,ARCO NORTE,Zona 34,2896958,RECOMPRA,27-02-2026_15.xls,2026-02-27,15,9,2026,45.0,0.0,60000.0,0.0,670000.0,9,74444.44444444444,0.0
81305,3164791,15105,134500.0,311,TLZ,RECOMPRA,2026-02-27,311,SUR PONIENTE,Zona 06,31193673,RECOMPRA,27-02-2026_15.xls,2026-02-27,15,9,2026,311.0,0.0,44000.0,0.0,446000.0,1,446000.0,0.0
131733,3164812,15105,50000.0,26,BFF,NUEVO,2026-02-27,26,ARCO NORTE,Zona 37,131733,NUEVO,27-02-2026_15.xls,2026-02-27,15,9,2026,26.0,0.0,30000.0,0.0,280000.0,1,30000.0,0.0
94582,3164832,15105,27350.0,28,YVW,RECOMPRA,2026-02-27,28,ARCO NORTE,Zona 25,16095832,RECOMPRA,27-02-2026_15.xls,2026-02-27,15,9,2026,28.0,0.0,30000.0,0.0,620000.0,4,155000.0,0.0
131734,3164857,15105,18000.0,131,YHH,NUEVO,2026-02-27,131,SUR PONIENTE,Zona 01,131734,NUEVO,27-02-2026_15.xls,2026-02-27,15,9,2026,131.0,0.0,44000.0,0.0,322000.0,3,14666.666666666666,0.0
40861,3164863,15105,10350.0,24,IUO,RECOMPRA,2026-02-27,24,ARCO NORTE,Zona 37,2489515,RECOMPRA,27-02-2026_15.xls,2026-02-27,15,9,2026,24.0,0.0,45000.0,0.0,610000.0,5,122000.0,0.0
40937,3164881,15105,91350.0,24,RJL,RECOMPRA,2026-02-27,24,ARCO NORTE,Zona 37,2492279,RECOMPRA,27-02-2026_15.xls,2026-02-27,15,9,2026,24.0,0.0,45000.0,0.0,610000.0,5,122000.0,0.0
45281,3164902,15105,53000.0,133,DZP,RECOMPRA,2026-02-27,133,SUR PONIENTE,Zona 01,13298527,RECOMPRA,27-02-2026_15.xls,2026-02-27,15,9,2026,133.0,0.0,44000.0,0.0,628000.0,10,62800.0,0.0
112297,3164939,15105,50574.0,215,VZY,RECOMPRA,2026-02-27,215,SUR PONIENTE,Zona 02,15199295,RECOMPRA,27-02-2026_15.xls,2026-02-27,15,9,2026,215.0,0.0,44000.0,0.0,504000.0,2,252000.0,0.0
131735,3164940,15110,30000.0,313,YXF,NUEVO,2026-02-27,313,SUR PONIENTE,Zona 10,131735,NUEVO,27-02-2026_15.xls,2026-02-27,15,9,2026,313.0,0.0,44000.0,0.0,429000.0,3,14666.666666666666,0.0
68119,3164952,15105,42550.0,343,FLO,RECOMPRA,2026-02-27,343,SUR PONIENTE,Zona 03,34398831,RECOMPRA,27-02-2026_15.xls,2026-02-27,15,9,2026,343.0,0.0,44000.0,0.0,769000.0,15,51266.666666666664,0.0
48001,3163787,15105,15350.0,32,VRZ,RECOMPRA,2026-02-27,32,SUR PONIENTE,Zona 08,6199290,RECOMPRA,27-02-2026_18.xls,2026-02-27,18,9,2026,32.0,0.0,44000.0,0.0,601000.0,12,50083.333333333336,0.0
52048,3163793,15105,51350.0,61,YVI,RECOMPRA,2026-02-27,61,SUR PONIENTE,Zona 02,6193901,RECOMPRA,27-02-2026_18.xls,2026-02-27,18,9,2026,61.0,0.0,44000.0,0.0,443000.0,8,55375.0,0.0
131719,3163819,15110,7744.0,342,YFH,NUEVO,2026-02-27,342,SUR PONIENTE,Zona 03,131719,NUEVO,27-02-2026_18.xls,2026-02-27,18,9,2026,342.0,0.0,44000.0,0.0,971000.0,3,14666.666666666666,0.0
46934,3163841,15105,78160.0,331,XOF,RECOMPRA,2026-02-27,331,SUR PONIENTE,Zona 06,32197172,RECOMPRA,27-02-2026_18.xls,2026-02-27,18,9,2026,331.0,0.0,44000.0,0.0,442000.0,10,44200.0,0.0
72146,3163911,15105,21000.0,61,HQZ,RECOMPRA,2026-02-27,61,SUR PONIENTE,Zona 02,197573,RECOMPRA,27-02-2026_18.xls,2026-02-27,18,9,2026,61.0,0.0,44000.0,0.0,443000.0,8,55375.0,0.0
67741,3163978,15105,30250.0,114,DFR,RECOMPRA,2026-02-27,114,ARCO NORTE,Zona 33,11398230,RECOMPRA,27-02-2026_18.xls,2026-02-27,18,9,2026,114.0,0.0,75000.0,0.0,590000.0,7,84285.71428571429,0.0
101484,3164023,15105,31744.0,347,IZD,RECOMPRA,2026-02-27,347,ARCO NORTE,Zona 36,196710,RECOMPRA,27-02-2026_18.xls,2026-02-27,18,9,2026,347.0,0.0,45000.0,0.0,550000.0,6,91666.66666666667,0.0
49034,3164065,15105,14800.0,344,VBX,RECOMPRA,2026-02-27,344,SUR PONIENTE,Zona 07,34596614,RECOMPRA,27-02-2026_18.xls,2026-02-27,18,9,2026,344.0,0.0,44000.0,0.0,712000.0,29,24551.724137931036,0.0
103117,3164081,15105,20350.0,22,IHK,RECOMPRA,2026-02-27,22,ARCO NORTE,Zona 27,2289487,RECOMPRA,27-02-2026_18.xls,2026-02-27,18,9,2026,22.0,0.0,60000.0,0.0,1140000.0,11,103636.36363636363,0.0
45533,3164152,15105,41000.0,345,UIQ,RECOMPRA,2026-02-27,345,SUR PONIENTE,Zona 03,34595700,RECOMPRA,27-02-2026_18.xls,2026-02-27,18,9,2026,345.0,0.0,44000.0,0.0,1155000.0,13,88846.15384615384,0.0
68355,3164192,15105,16700.0,342,YFH,RECOMPRA,2026-02-27,342,SUR PONIENTE,Zona 03,34293412,RECOMPRA,27-02-2026_18.xls,2026-02-27,18,9,2026,342.0,0.0,44000.0,0.0,971000.0,19,51105.26315789474,0.0
131724,3164241,15105,34000.0,41,OOJ,NUEVO,2026-02-27,41,ARCO NORTE,Zona 25,131724,NUEVO,27-02-2026_18.xls,2026-02-27,18,9,2026,41.0,0.0,15000.0,0.0,470000.0,3,5000.0,0.0
89267,3164263,15105,13152.0,24,IUO,RECOMPRA,2026-02-27,24,ARCO NORTE,Zona 37,16095900,NUEVO,27-02-2026_18.xls,2026-02-27,18,9,2026,24.0,0.0,45000.0,0.0,610000.0,2,22500.0,0.0
54321,3164283,15105,16744.0,342,WTL,RECOMPRA,2026-02-27,342,SUR PONIENTE,Zona 03,34293554,RECOMPRA,27-02-2026_18.xls,2026-02-27,18,9,2026,342.0,0.0,44000.0,0.0,971000.0,19,51105.26315789474,0.0
112893,3164317,15105,13575.0,313,YXF,RECOMPRA,2026-02-27,313,SUR PONIENTE,Zona 10,31393563,RECOMPRA,27-02-2026_18.xls,2026-02-27,18,9,2026,313.0,0.0,44000.0,0.0,429000.0,4,107250.0,0.0
85954,3164332,15105,21850.0,566,LWK,RECOMPRA,2026-02-27,566,ARCO NORTE,Zona 32,56699483,RECOMPRA,27-02-2026_18.xls,2026-02-27,18,9,2026,566.0,0.0,90000.0,0.0,380000.0,12,31666.666666666668,0.0
72982,3164347,15105,5350.0,45,WZI,RECOMPRA,2026-02-27,45,ARCO NORTE,Zona 34,4594971,NUEVO,27-02-2026_18.xls,2026-02-27,18,9,2026,45.0,0.0,60000.0,0.0,670000.0,1,60000.0,0.0
84746,3164362,15105,5350.0,211,WST,RECOMPRA,2026-02-27,211,ARCO NORTE,Zona 31,21199843,NUEVO,27-02-2026_18.xls,2026-02-27,18,9,2026,211.0,0.0,60000.0,0.0,530000.0,1,60000.0,0.0
102326,3164463,15105,60350.0,628,ZFA,RECOMPRA,2026-02-27,628,ARCO NORTE,Zona 30,62899334,RECOMPRA,27-02-2026_18.xls,2026-02-27,18,9,2026,628.0,0.0,30000.0,0.0,590000.0,6,98333.33333333333,0.0
131727,3164527,15105,5350.0,627,XDS,NUEVO,2026-02-27,627,ARCO NORTE,Zona 24,131727,NUEVO,27-02-2026_18.xls,2026-02-27,18,9,2026,627.0,0.0,45000.0,0.0,340000.0,3,15000.0,0.0
105107,3164541,15105,106350.0,85,TWP,RECOMPRA,2026-02-27,85,SUR PONIENTE,Zona 09,8298519,RECOMPRA,27-02-2026_18.xls,2026-02-27,18,9,2026,85.0,0.0,44000.0,0.0,844000.0,13,64923.07692307692,0.0
128669,3164569,15105,13350.0,22,ABH,RECOMPRA,2026-02-27,22,ARCO NORTE,Zona 27,2196329,RECOMPRA,27-02-2026_18.xls,2026-02-27,18,9,2026,22.0,0.0,60000.0,0.0,1140000.0,11,103636.36363636363,0.0
131729,3164592,15105,5350.0,981,YDH,RECOMPRA,2026-02-27,981,ARCO NORTE,Zona 34,131729,RECOMPRA,27-02-2026_18.xls,2026-02-27,18,9,2026,981.0,0.0,60000.0,0.0,590000.0,10,59000.0,0.0
46718,3164618,15105,15350.0,625,GKD,RECOMPRA,2026-02-27,625,ARCO NORTE,Zona 39,62598658,RECOMPRA,27-02-2026_18.xls,2026-02-27,18,9,2026,625.0,0.0,30000.0,0.0,240000.0,3,80000.0,0.0
119006,3164629,15105,30350.0,344,WDQ,RECOMPRA,2026-02-27,344,SUR PONIENTE,Zona 07,7295468,RECOMPRA,27-02-2026_18.xls,2026-02-27,18,9,2026,344.0,0.0,44000.0,0.0,712000.0,29,24551.724137931036,0.0
129517,3164639,15105,22445.0,131,UKD,RECOMPRA,2026-02-27,133,SUR PONIENTE,Zona 01,13399124,RECOMPRA,27-02-2026_18.xls,2026-02-27,18,9,2026,131.0,0.0,44000.0,0.0,322000.0,5,64400.0,0.0
67676,3164655,15105,5744.0,332,SRF,RECOMPRA,2026-02-27,332,SUR PONIENTE,Zona 10,33296302,RECOMPRA,27-02-2026_18.xls,2026-02-27,18,9,2026,332.0,0.0,44000.0,0.0,328000.0,1,328000.0,0.0
45885,3164689,15105,25350.0,562,YDZ,RECOMPRA,2026-02-27,562,ARCO NORTE,Zona 35,56295868,RECOMPRA,27-02-2026_18.xls,2026-02-27,18,9,2026,562.0,0.0,45000.0,0.0,330000.0,5,66000.0,0.0
89758,3164692,15105,23350.0,566,QFX,RECOMPRA,2026-02-27,566,ARCO NORTE,Zona 32,56694149,RECOMPRA,27-02-2026_18.xls,2026-02-27,18,9,2026,566.0,0.0,90000.0,0.0,380000.0,12,31666.666666666668,0.0
76928,3164705,15105,10350.0,561,ZGB,RECOMPRA,2026-02-27,561,ARCO NORTE,Zona 35,55094967,RECOMPRA,27-02-2026_18.xls,2026-02-27,18,9,2026,561.0,0.0,45000.0,0.0,650000.0,5,130000.0,0.0
59245,3164724,15105,10350.0,51,PCH,RECOMPRA,2026-02-27,51,SUR PONIENTE,Zona 05,5198521,RECOMPRA,27-02-2026_18.xls,2026-02-27,18,9,2026,51.0,0.0,44000.0,0.0,640000.0,13,49230.769230769234,0.0
114397,3164732,15105,33580.0,345,UIQ,RECOMPRA,2026-02-27,345,SUR PONIENTE,Zona 03,34593921,RECOMPRA,27-02-2026_18.xls,2026-02-27,18,9,2026,345.0,0.0,44000.0,0.0,1155000.0,13,88846.15384615384,0.0
53696,3164765,15105,15350.0,45,WZI,RECOMPRA,2026-02-27,45,ARCO NORTE,Zona 34,2896958,RECOMPRA,27-02-2026_18.xls,2026-02-27,18,9,2026,45.0,0.0,60000.0,0.0,670000.0,17,39411.76470588235,0.0
81305,3164791,15105,134500.0,311,TLZ,RECOMPRA,2026-02-27,311,SUR PONIENTE,Zona 06,31193673,RECOMPRA,27-02-2026_18.xls,2026-02-27,18,9,2026,311.0,0.0,44000.0,0.0,446000.0,4,111500.0,0.0
131733,3164812,15105,50000.0,26,BFF,NUEVO,2026-02-27,26,ARCO NORTE,Zona 37,131733,NUEVO,27-02-2026_18.xls,2026-02-27,18,9,2026,26.0,0.0,30000.0,0.0,280000.0,1,30000.0,0.0
94582,3164832,15105,27350.0,28,YVW,RECOMPRA,2026-02-27,28,ARCO NORTE,Zona 25,16095832,RECOMPRA,27-02-2026_18.xls,2026-02-27,18,9,2026,28.0,0.0,30000.0,0.0,620000.0,4,155000.0,0.0
131734,3164857,15105,18000.0,131,YHH,NUEVO,2026-02-27,131,SUR PONIENTE,Zona 01,131734,NUEVO,27-02-2026_18.xls,2026-02-27,18,9,2026,131.0,0.0,44000.0,0.0,322000.0,3,14666.666666666666,0.0
40861,3164863,15105,10350.0,24,IUO,RECOMPRA,2026-02-27,24,ARCO NORTE,Zona 37,2489515,RECOMPRA,27-02-2026_18.xls,2026-02-27,18,9,2026,24.0,0.0,45000.0,0.0,610000.0,9,67777.77777777778,0.0
40937,3164881,15105,91350.0,24,RJL,RECOMPRA,2026-02-27,24,ARCO NORTE,Zona 37,2492279,RECOMPRA,27-02-2026_18.xls,2026-02-27,18,9,2026,24.0,0.0,45000.0,0.0,610000.0,9,67777.77777777778,0.0
45281,3164902,15105,53000.0,133,DZP,RECOMPRA,2026-02-27,133,SUR PONIENTE,Zona 01,13298527,RECOMPRA,27-02-2026_18.xls,2026-02-27,18,9,2026,133.0,0.0,44000.0,0.0,628000.0,18,34888.88888888889,0.0
112297,3164939,15105,50574.0,215,VZY,RECOMPRA,2026-02-27,215,SUR PONIENTE,Zona 02,15199295,RECOMPRA,27-02-2026_18.xls,2026-02-27,18,9,2026,215.0,0.0,44000.0,0.0,504000.0,7,72000.0,0.0
131735,3164940,15110,30000.0,313,YXF,NUEVO,2026-02-27,313,SUR PONIENTE,Zona 10,131735,NUEVO,27-02-2026_18.xls,2026-02-27,18,9,2026,313.0,0.0,44000.0,0.0,429000.0,3,14666.666666666666,0.0
68119,3164952,15105,42550.0,343,FLO,RECOMPRA,2026-02-27,343,SUR PONIENTE,Zona 03,34398831,RECOMPRA,27-02-2026_18.xls,2026-02-27,18,9,2026,343.0,0.0,44000.0,0.0,769000.0,20,38450.0,0.0
111070,3164965,15105,27350.0,562,XCG,RECOMPRA,2026-02-27,562,ARCO NORTE,Zona 35,56295467,RECOMPRA,27-02-2026_18.xls,2026-02-27,18,9,2026,562.0,0.0,45000.0,0.0,330000.0,5,66000.0,0.0
84460,3164972,15105,15350.0,22,ABH,RECOMPRA,2026-02-27,22,ARCO NORTE,Zona 27,2187540,RECOMPRA,27-02-2026_18.xls,2026-02-27,18,9,2026,22.0,0.0,60000.0,0.0,1140000.0,11,103636.36363636363,0.0
131736,3164986,15105,37500.0,311,TLZ,NUEVO,2026-02-27,311,SUR PONIENTE,Zona 06,131736,NUEVO,27-02-2026_18.xls,2026-02-27,18,9,2026,311.0,0.0,44000.0,0.0,446000.0,1,44000.0,0.0
82422,3165021,15105,93350.0,56,HHW,RECOMPRA,2026-02-27,56,SUR PONIENTE,Zona 11,5694691,RECOMPRA,27-02-2026_18.xls,2026-02-27,18,9,2026,56.0,0.0,44000.0,0.0,294000.0,6,49000.0,0.0
46472,3165037,15105,74350.0,622,BSD,RECOMPRA,2026-02-27,622,ARCO NORTE,Zona 33,62299681,RECOMPRA,27-02-2026_18.xls,2026-02-27,18,9,2026,622.0,0.0,45000.0,0.0,280000.0,7,40000.0,0.0
129374,3165048,15105,7524.0,49,QVR,RECOMPRA,2026-02-27,49,ARCO NORTE,Zona 27,4998223,RECOMPRA,27-02-2026_18.xls,2026-02-27,18,9,2026,49.0,0.0,30000.0,0.0,960000.0,14,68571.42857142857,0.0
131738,3165052,15105,5350.0,56,WHB,NUEVO,2026-02-27,56,SUR PONIENTE,Zona 11,131738,NUEVO,27-02-2026_18.xls,2026-02-27,18,9,2026,56.0,0.0,44000.0,0.0,294000.0,2,22000.0,0.0
47364,3165075,15105,32100.0,342,WTL,RECOMPRA,2026-02-27,342,SUR PONIENTE,Zona 03,34294763,RECOMPRA,27-02-2026_18.xls,2026-02-27,18,9,2026,342.0,0.0,44000.0,0.0,971000.0,19,51105.26315789474,0.0
124334,3165085,15105,37300.0,133,UKD,RECOMPRA,2026-02-27,133,SUR PONIENTE,Zona 01,13193427,RECOMPRA,27-02-2026_18.xls,2026-02-27,18,9,2026,133.0,0.0,44000.0,0.0,628000.0,18,34888.88888888889,0.0
58581,3165115,15105,15350.0,344,WDQ,RECOMPRA,2026-02-27,344,SUR PONIENTE,Zona 07,7299342,RECOMPRA,27-02-2026_18.xls,2026-02-27,18,9,2026,344.0,0.0,44000.0,0.0,712000.0,29,24551.724137931036,0.0
97938,3165124,15105,20350.0,45,WWZ,RECOMPRA,2026-02-27,45,ARCO NORTE,Zona 34,4596498,RECOMPRA,27-02-2026_18.xls,2026-02-27,18,9,2026,45.0,0.0,60000.0,0.0,670000.0,17,39411.76470588235,0.0
97546,3165141,15105,16600.0,14,ZGB,RECOMPRA,2026-02-27,14,SUR PONIENTE,Zona 02,7599923,RECOMPRA,27-02-2026_18.xls,2026-02-27,18,9,2026,14.0,0.0,44000.0,0.0,637000.0,6,106166.66666666667,0.0
51619,3165157,15105,219100.0,347,IZD,RECOMPRA,2026-02-27,347,ARCO NORTE,Zona 36,34795975,RECOMPRA,27-02-2026_18.xls,2026-02-27,18,9,2026,347.0,0.0,45000.0,0.0,550000.0,6,91666.66666666667,0.0
131741,3165184,15105,4350.0,642,WSN,NUEVO,2026-02-27,642,ARCO NORTE,Zona 40,131741,NUEVO,27-02-2026_18.xls,2026-02-27,18,9,2026,642.0,0.0,60000.0,0.0,350000.0,7,8571.42857142857,0.0
125810,3165212,15105,29350.0,53,TZI,RECOMPRA,2026-02-27,53,SUR PONIENTE,Zona 05,5797911,RECOMPRA,27-02-2026_18.xls,2026-02-27,18,9,2026,53.0,0.0,44000.0,0.0,436000.0,6,72666.66666666667,0.0
59583,3165226,15105,10350.0,1,QVR,RECOMPRA,2026-02-27,49,ARCO NORTE,Zona 27,4699420,RECOMPRA,27-02-2026_18.xls,2026-02-27,18,9,2026,,,,,,14,,
44763,3165262,15105,56350.0,42,ZEI,RECOMPRA,2026-02-27,42,ARCO NORTE,Zona 25,4297227,RECOMPRA,27-02-2026_18.xls,2026-02-27,18,9,2026,42.0,0.0,15000.0,0.0,470000.0,6,78333.33333333333,0.0
76344,3165271,15105,11350.0,566,LWK,RECOMPRA,2026-02-27,566,ARCO NORTE,Zona 32,56694864,RECOMPRA,27-02-2026_18.xls,2026-02-27,18,9,2026,566.0,0.0,90000.0,0.0,380000.0,12,31666.666666666668,0.0
121971,3165294,15105,20704.0,215,VZY,RECOMPRA,2026-02-27,215,SUR PONIENTE,Zona 02,195308,RECOMPRA,27-02-2026_18.xls,2026-02-27,18,9,2026,215.0,0.0,44000.0,0.0,504000.0,7,72000.0,0.0
54463,3165337,15105,26350.0,621,EFU,RECOMPRA,2026-02-27,621,ARCO NORTE,Zona 28,62197064,RECOMPRA,27-02-2026_18.xls,2026-02-27,18,9,2026,621.0,0.0,45000.0,0.0,470000.0,4,117500.0,0.0
67692,3165351,15105,45350.0,344,YNB,RECOMPRA,2026-02-27,344,SUR PONIENTE,Zona 07,34496766,RECOMPRA,27-02-2026_18.xls,2026-02-27,18,9,2026,344.0,0.0,44000.0,0.0,712000.0,29,24551.724137931036,0.0
80120,3165367,15105,10350.0,53,XVE,RECOMPRA,2026-02-27,53,SUR PONIENTE,Zona 05,5393317,RECOMPRA,27-02-2026_18.xls,2026-02-27,18,9,2026,53.0,0.0,44000.0,0.0,436000.0,6,72666.66666666667,0.0
102727,3165371,15105,35350.0,121,ZGB,RECOMPRA,2026-02-27,121,,,12195193,RECOMPRA,27-02-2026_18.xls,2026-02-27,18,9,2026,,,,,,1,,
67747,3165385,15105,24750.0,51,PCH,RECOMPRA,2026-02-27,51,SUR PONIENTE,Zona 05,5796544,RECOMPRA,27-02-2026_18.xls,2026-02-27,18,9,2026,51.0,0.0,44000.0,0.0,640000.0,13,49230.769230769234,0.0
94406,3165423,15105,25350.0,114,WJA,RECOMPRA,2026-02-27,114,ARCO NORTE,Zona 33,196985,RECOMPRA,27-02-2026_18.xls,2026-02-27,18,9,2026,114.0,0.0,75000.0,0.0,590000.0,7,84285.71428571429,0.0
47261,3165436,15105,93000.0,311,TLZ,RECOMPRA,2026-02-27,311,SUR PONIENTE,Zona 06,1399062,RECOMPRA,27-02-2026_18.xls,2026-02-27,18,9,2026,311.0,0.0,44000.0,0.0,446000.0,4,111500.0,0.0
131744,3165451,15105,5744.0,343,JNP,NUEVO,2026-02-27,343,SUR PONIENTE,Zona 03,131744,NUEVO,27-02-2026_18.xls,2026-02-27,18,9,2026,343.0,0.0,44000.0,0.0,769000.0,4,11000.0,0.0
50871,3165511,15105,91350.0,61,HQZ,RECOMPRA,2026-02-27,61,SUR PONIENTE,Zona 02,6194310,RECOMPRA,27-02-2026_18.xls,2026-02-27,18,9,2026,61.0,0.0,44000.0,0.0,443000.0,8,55375.0,0.0
122916,3165531,15105,13350.0,24,IUO,RECOMPRA,2026-02-27,24,ARCO NORTE,Zona 37,2489361,RECOMPRA,27-02-2026_18.xls,2026-02-27,18,9,2026,24.0,0.0,45000.0,0.0,610000.0,9,67777.77777777778,0.0
131746,3165551,15110,35000.0,561,SUD,NUEVO,2026-02-27,561,ARCO NORTE,Zona 35,131746,NUEVO,27-02-2026_18.xls,2026-02-27,18,9,2026,561.0,0.0,45000.0,0.0,650000.0,3,15000.0,0.0
29441,3165571,15105,50000.0,1,RNX,RECOMPRA,2026-02-27,642,ARCO NORTE,Zona 40,64294898,RECOMPRA,27-02-2026_18.xls,2026-02-27,18,9,2026,,,,,,14,,
50505,3165601,15105,15350.0,350,XDF,RECOMPRA,2026-02-27,350,SUR PONIENTE,Zona 12,35095606,RECOMPRA,27-02-2026_18.xls,2026-02-27,18,9,2026,350.0,0.0,44000.0,0.0,451000.0,4,112750.0,0.0
42865,3165612,15105,20744.0,14,GQG,RECOMPRA,2026-02-27,14,SUR PONIENTE,Zona 02,1493943,NUEVO,27-02-2026_18.xls,2026-02-27,18,9,2026,14.0,0.0,44000.0,0.0,637000.0,1,44000.0,0.0
103896,3165620,15110,6350.0,345,UIQ,RECOMPRA,2026-02-27,345,SUR PONIENTE,Zona 03,34594032,RECOMPRA,27-02-2026_18.xls,2026-02-27,18,9,2026,345.0,0.0,44000.0,0.0,1155000.0,13,88846.15384615384,0.0
50558,3165637,15105,25744.0,24,RJL,RECOMPRA,2026-02-27,24,ARCO NORTE,Zona 37,2499117,RECOMPRA,27-02-2026_18.xls,2026-02-27,18,9,2026,24.0,0.0,45000.0,0.0,610000.0,9,67777.77777777778,0.0
66284,3165641,15105,10350.0,114,ZET,RECOMPRA,2026-02-27,114,ARCO NORTE,Zona 33,11496928,RECOMPRA,27-02-2026_18.xls,2026-02-27,18,9,2026,114.0,0.0,75000.0,0.0,590000.0,7,84285.71428571429,0.0
116056,3165651,15105,17850.0,347,IZD,RECOMPRA,2026-02-27,347,ARCO NORTE,Zona 36,34796960,RECOMPRA,27-02-2026_18.xls,2026-02-27,18,9,2026,347.0,0.0,45000.0,0.0,550000.0,6,91666.66666666667,0.0
125652,3165673,15110,8350.0,85,WDK,RECOMPRA,2026-02-27,85,SUR PONIENTE,Zona 09,8496749,RECOMPRA,27-02-2026_18.xls,2026-02-27,18,9,2026,85.0,0.0,44000.0,0.0,844000.0,13,64923.07692307692,0.0
46131,3165698,15105,38350.0,32,VRZ,RECOMPRA,2026-02-27,32,SUR PONIENTE,Zona 08,3292961,RECOMPRA,27-02-2026_18.xls,2026-02-27,18,9,2026,32.0,0.0,44000.0,0.0,601000.0,12,50083.333333333336,0.0
51845,3165711,15105,193350.0,45,WWZ,RECOMPRA,2026-02-27,45,ARCO NORTE,Zona 34,4593177,RECOMPRA,27-02-2026_18.xls,2026-02-27,18,9,2026,45.0,0.0,60000.0,0.0,670000.0,17,39411.76470588235,0.0
90158,3165738,15105,10350.0,32,YVH,RECOMPRA,2026-02-27,32,SUR PONIENTE,Zona 08,3193070,RECOMPRA,27-02-2026_18.xls,2026-02-27,18,9,2026,32.0,0.0,44000.0,0.0,601000.0,12,50083.333333333336,0.0
82439,3165748,15105,17350.0,563,YYV,RECOMPRA,2026-02-27,563,ARCO NORTE,Zona 38,56395854,RECOMPRA,27-02-2026_18.xls,2026-02-27,18,9,2026,563.0,0.0,60000.0,0.0,400000.0,8,50000.0,0.0
43706,3165752,15105,20350.0,92,TYZ,RECOMPRA,2026-02-27,92,ARCO NORTE,Zona 26,9294428,RECOMPRA,27-02-2026_18.xls,2026-02-27,18,9,2026,92.0,0.0,45000.0,0.0,270000.0,3,90000.0,0.0
131750,3165766,15105,6350.0,563,SID,RECOMPRA,2026-02-27,563,ARCO NORTE,Zona 38,131750,RECOMPRA,27-02-2026_18.xls,2026-02-27,18,9,2026,563.0,0.0,60000.0,0.0,400000.0,8,50000.0,0.0
43296,3165780,15105,30350.0,343,XQV,RECOMPRA,2026-02-27,343,SUR PONIENTE,Zona 03,34394610,NUEVO,27-02-2026_18.xls,2026-02-27,18,9,2026,343.0,0.0,44000.0,0.0,769000.0,4,11000.0,0.0
94424,3165799,15105,45000.0,342,WTL,RECOMPRA,2026-02-27,342,SUR PONIENTE,Zona 03,34297609,RECOMPRA,27-02-2026_18.xls,2026-02-27,18,9,2026,342.0,0.0,44000.0,0.0,971000.0,19,51105.26315789474,0.0
77324,3165821,15105,29850.0,131,PPW,RECOMPRA,2026-02-27,131,SUR PONIENTE,Zona 01,13193540,RECOMPRA,27-02-2026_18.xls,2026-02-27,18,9,2026,131.0,0.0,44000.0,0.0,322000.0,5,64400.0,0.0
127782,3165833,15110,20000.0,45,WZI,RECOMPRA,2026-02-27,45,ARCO NORTE,Zona 34,1195225,RECOMPRA,27-02-2026_18.xls,2026-02-27,18,9,2026,45.0,0.0,60000.0,0.0,670000.0,17,39411.76470588235,0.0
93393,3166622,15105,34000.0,211,USB,RECOMPRA,2026-02-28,211,ARCO NORTE,Zona 31,21193309,RECOMPRA,28-02-2026_12.xls,2026-02-28,12,9,2026,211.0,0.0,60000.0,0.0,530000.0,2,265000.0,0.0
131757,3166634,15105,5350.0,561,YZO,NUEVO,2026-02-28,561,ARCO NORTE,Zona 35,131757,NUEVO,28-02-2026_12.xls,2026-02-28,12,9,2026,561.0,0.0,45000.0,0.0,650000.0,2,22500.0,0.0
131758,3166658,15105,5350.0,49,QVR,NUEVO,2026-02-28,49,ARCO NORTE,Zona 27,131758,NUEVO,28-02-2026_12.xls,2026-02-28,12,9,2026,49.0,0.0,30000.0,0.0,960000.0,1,30000.0,0.0
107666,3166661,15105,23600.0,41,OOJ,RECOMPRA,2026-02-28,41,ARCO NORTE,Zona 25,196262,RECOMPRA,28-02-2026_12.xls,2026-02-28,12,9,2026,41.0,0.0,15000.0,0.0,470000.0,1,470000.0,0.0
109239,3166672,15105,31744.0,342,HEE,RECOMPRA,2026-02-28,342,SUR PONIENTE,Zona 03,34296209,RECOMPRA,28-02-2026_12.xls,2026-02-28,12,9,2026,342.0,0.0,44000.0,0.0,971000.0,4,242750.0,0.0
84863,3166690,15105,30350.0,565,YKA,RECOMPRA,2026-02-28,565,ARCO NORTE,Zona 32,56594037,RECOMPRA,28-02-2026_12.xls,2026-02-28,12,9,2026,565.0,0.0,60000.0,0.0,300000.0,2,150000.0,0.0
87395,3166708,15105,10350.0,211,WST,RECOMPRA,2026-02-28,211,ARCO NORTE,Zona 31,21199974,RECOMPRA,28-02-2026_12.xls,2026-02-28,12,9,2026,211.0,0.0,60000.0,0.0,530000.0,2,265000.0,0.0
57053,3166721,15105,45500.0,345,UIQ,RECOMPRA,2026-02-28,345,SUR PONIENTE,Zona 03,34596470,RECOMPRA,28-02-2026_12.xls,2026-02-28,12,9,2026,345.0,0.0,44000.0,0.0,1155000.0,5,231000.0,0.0
131762,3166743,15105,6350.0,563,SID,NUEVO,2026-02-28,563,ARCO NORTE,Zona 38,131762,NUEVO,28-02-2026_12.xls,2026-02-28,12,9,2026,563.0,0.0,60000.0,0.0,400000.0,1,60000.0,0.0
70553,3166756,15105,30744.0,626,NDF,RECOMPRA,2026-02-28,626,SUR PONIENTE,Zona 12,62697105,RECOMPRA,28-02-2026_12.xls,2026-02-28,12,9,2026,626.0,0.0,44000.0,0.0,291000.0,3,97000.0,0.0
75807,3166767,15105,23350.0,45,WZI,RECOMPRA,2026-02-28,45,ARCO NORTE,Zona 34,4595477,RECOMPRA,28-02-2026_12.xls,2026-02-28,12,9,2026,45.0,0.0,60000.0,0.0,670000.0,3,223333.33333333334,0.0
75737,3166792,15105,19350.0,981,YDH,RECOMPRA,2026-02-28,981,ARCO NORTE,Zona 34,98197551,RECOMPRA,28-02-2026_12.xls,2026-02-28,12,9,2026,981.0,0.0,60000.0,0.0,590000.0,2,295000.0,0.0
121380,3166805,15105,30350.0,625,GKD,RECOMPRA,2026-02-28,625,ARCO NORTE,Zona 39,62595950,RECOMPRA,28-02-2026_12.xls,2026-02-28,12,9,2026,625.0,0.0,30000.0,0.0,240000.0,2,120000.0,0.0
131764,3166811,15105,32500.0,131,PPW,NUEVO,2026-02-28,131,SUR PONIENTE,Zona 01,131764,NUEVO,28-02-2026_12.xls,2026-02-28,12,9,2026,131.0,0.0,44000.0,0.0,322000.0,2,22000.0,0.0
52636,3166839,15105,90350.0,32,YVH,RECOMPRA,2026-02-28,32,SUR PONIENTE,Zona 08,3191707,RECOMPRA,28-02-2026_12.xls,2026-02-28,12,9,2026,32.0,0.0,44000.0,0.0,601000.0,2,300500.0,0.0
92211,3166859,15105,20350.0,56,HHW,RECOMPRA,2026-02-28,56,SUR PONIENTE,Zona 11,5693256,RECOMPRA,28-02-2026_12.xls,2026-02-28,12,9,2026,56.0,0.0,44000.0,0.0,294000.0,1,294000.0,0.0
124484,3166890,15105,30832.0,565,YKA,RECOMPRA,2026-02-28,565,ARCO NORTE,Zona 32,56593769,RECOMPRA,28-02-2026_12.xls,2026-02-28,12,9,2026,565.0,0.0,60000.0,0.0,300000.0,2,150000.0,0.0
93393,3166622,15105,34000.0,211,USB,RECOMPRA,2026-02-28,211,ARCO NORTE,Zona 31,21193309,RECOMPRA,28-02-2026_15.xls,2026-02-28,15,9,2026,211.0,0.0,60000.0,0.0,530000.0,5,106000.0,0.0
131757,3166634,15105,5350.0,561,YZO,NUEVO,2026-02-28,561,ARCO NORTE,Zona 35,131757,NUEVO,28-02-2026_15.xls,2026-02-28,15,9,2026,561.0,0.0,45000.0,0.0,650000.0,2,22500.0,0.0
131758,3166658,15105,5350.0,49,QVR,NUEVO,2026-02-28,49,ARCO NORTE,Zona 27,131758,NUEVO,28-02-2026_15.xls,2026-02-28,15,9,2026,49.0,0.0,30000.0,0.0,960000.0,1,30000.0,0.0
107666,3166661,15105,23600.0,41,OOJ,RECOMPRA,2026-02-28,41,ARCO NORTE,Zona 25,196262,RECOMPRA,28-02-2026_15.xls,2026-02-28,15,9,2026,41.0,0.0,15000.0,0.0,470000.0,2,235000.0,0.0
109239,3166672,15105,31744.0,342,HEE,RECOMPRA,2026-02-28,342,SUR PONIENTE,Zona 03,34296209,RECOMPRA,28-02-2026_15.xls,2026-02-28,15,9,2026,342.0,0.0,44000.0,0.0,971000.0,7,138714.2857142857,0.0
84863,3166690,15105,30350.0,565,YKA,RECOMPRA,2026-02-28,565,ARCO NORTE,Zona 32,56594037,RECOMPRA,28-02-2026_15.xls,2026-02-28,15,9,2026,565.0,0.0,60000.0,0.0,300000.0,6,50000.0,0.0
87395,3166708,15105,10350.0,211,WST,RECOMPRA,2026-02-28,211,ARCO NORTE,Zona 31,21199974,RECOMPRA,28-02-2026_15.xls,2026-02-28,15,9,2026,211.0,0.0,60000.0,0.0,530000.0,5,106000.0,0.0
57053,3166721,15105,45500.0,345,UIQ,RECOMPRA,2026-02-28,345,SUR PONIENTE,Zona 03,34596470,RECOMPRA,28-02-2026_15.xls,2026-02-28,15,9,2026,345.0,0.0,44000.0,0.0,1155000.0,12,96250.0,0.0
131762,3166743,15105,6350.0,563,SID,NUEVO,2026-02-28,563,ARCO NORTE,Zona 38,131762,NUEVO,28-02-2026_15.xls,2026-02-28,15,9,2026,563.0,0.0,60000.0,0.0,400000.0,1,60000.0,0.0
70553,3166756,15105,30744.0,626,NDF,RECOMPRA,2026-02-28,626,SUR PONIENTE,Zona 12,62697105,RECOMPRA,28-02-2026_15.xls,2026-02-28,15,9,2026,626.0,0.0,44000.0,0.0,291000.0,3,97000.0,0.0
75807,3166767,15105,23350.0,45,WZI,RECOMPRA,2026-02-28,45,ARCO NORTE,Zona 34,4595477,RECOMPRA,28-02-2026_15.xls,2026-02-28,15,9,2026,45.0,0.0,60000.0,0.0,670000.0,9,74444.44444444444,0.0
75737,3166792,15105,19350.0,981,YDH,RECOMPRA,2026-02-28,981,ARCO NORTE,Zona 34,98197551,RECOMPRA,28-02-2026_15.xls,2026-02-28,15,9,2026,981.0,0.0,60000.0,0.0,590000.0,5,118000.0,0.0
121380,3166805,15105,30350.0,625,GKD,RECOMPRA,2026-02-28,625,ARCO NORTE,Zona 39,62595950,RECOMPRA,28-02-2026_15.xls,2026-02-28,15,9,2026,625.0,0.0,30000.0,0.0,240000.0,3,80000.0,0.0
131764,3166811,15105,32500.0,131,PPW,NUEVO,2026-02-28,131,SUR PONIENTE,Zona 01,131764,NUEVO,28-02-2026_15.xls,2026-02-28,15,9,2026,131.0,0.0,44000.0,0.0,322000.0,3,14666.666666666666,0.0
52636,3166839,15105,90350.0,32,YVH,RECOMPRA,2026-02-28,32,SUR PONIENTE,Zona 08,3191707,RECOMPRA,28-02-2026_15.xls,2026-02-28,15,9,2026,32.0,0.0,44000.0,0.0,601000.0,5,120200.0,0.0
92211,3166859,15105,20350.0,56,HHW,RECOMPRA,2026-02-28,56,SUR PONIENTE,Zona 11,5693256,RECOMPRA,28-02-2026_15.xls,2026-02-28,15,9,2026,56.0,0.0,44000.0,0.0,294000.0,2,147000.0,0.0
124484,3166890,15105,30832.0,565,YKA,RECOMPRA,2026-02-28,565,ARCO NORTE,Zona 32,56593769,RECOMPRA,28-02-2026_15.xls,2026-02-28,15,9,2026,565.0,0.0,60000.0,0.0,300000.0,6,50000.0,0.0
81477,3166907,15105,33350.0,344,WDQ,RECOMPRA,2026-02-28,344,SUR PONIENTE,Zona 07,34497830,RECOMPRA,28-02-2026_15.xls,2026-02-28,15,9,2026,344.0,0.0,44000.0,0.0,712000.0,13,54769.230769230766,0.0
131765,3166919,15110,26000.0,313,YXF,NUEVO,2026-02-28,313,SUR PONIENTE,Zona 10,131765,NUEVO,28-02-2026_15.xls,2026-02-28,15,9,2026,313.0,0.0,44000.0,0.0,429000.0,3,14666.666666666666,0.0
106567,3166922,15105,5351.0,133,DZP,RECOMPRA,2026-02-28,133,SUR PONIENTE,Zona 01,13299642,NUEVO,28-02-2026_15.xls,2026-02-28,15,9,2026,133.0,0.0,44000.0,0.0,628000.0,1,44000.0,0.0
94215,3166941,15105,43350.0,628,ZFA,RECOMPRA,2026-02-28,628,ARCO NORTE,Zona 30,62898323,RECOMPRA,28-02-2026_15.xls,2026-02-28,15,9,2026,628.0,0.0,30000.0,0.0,590000.0,4,147500.0,0.0
98633,3166961,15105,20350.0,344,WDQ,RECOMPRA,2026-02-28,344,SUR PONIENTE,Zona 07,34497542,RECOMPRA,28-02-2026_15.xls,2026-02-28,15,9,2026,344.0,0.0,44000.0,0.0,712000.0,13,54769.230769230766,0.0
131766,3166972,15110,50000.0,122,THT,NUEVO,2026-02-28,122,SUR PONIENTE,Zona 09,131766,NUEVO,28-02-2026_15.xls,2026-02-28,15,9,2026,122.0,0.0,44000.0,0.0,445000.0,2,22000.0,0.0
129367,3167012,15105,14300.0,211,ZDI,RECOMPRA,2026-02-28,211,ARCO NORTE,Zona 31,21193169,RECOMPRA,28-02-2026_15.xls,2026-02-28,15,9,2026,211.0,0.0,60000.0,0.0,530000.0,5,106000.0,0.0
95060,3167040,15105,13350.0,45,WZI,RECOMPRA,2026-02-28,45,ARCO NORTE,Zona 34,4595116,RECOMPRA,28-02-2026_15.xls,2026-02-28,15,9,2026,45.0,0.0,60000.0,0.0,670000.0,9,74444.44444444444,0.0
126451,3167081,15110,17350.0,53,YTB,RECOMPRA,2026-02-28,53,SUR PONIENTE,Zona 05,5896457,RECOMPRA,28-02-2026_15.xls,2026-02-28,15,9,2026,53.0,0.0,44000.0,0.0,436000.0,1,436000.0,0.0
131769,3167117,15105,6350.0,642,RNX,NUEVO,2026-02-28,642,ARCO NORTE,Zona 40,131769,NUEVO,28-02-2026_15.xls,2026-02-28,15,9,2026,642.0,0.0,60000.0,0.0,350000.0,3,20000.0,0.0
100949,3167153,15105,11744.0,342,HEE,RECOMPRA,2026-02-28,342,SUR PONIENTE,Zona 03,34293184,NUEVO,28-02-2026_15.xls,2026-02-28,15,9,2026,342.0,0.0,44000.0,0.0,971000.0,2,22000.0,0.0
52306,3167240,15105,33650.0,345,UIQ,RECOMPRA,2026-02-28,345,SUR PONIENTE,Zona 03,34597391,RECOMPRA,28-02-2026_15.xls,2026-02-28,15,9,2026,345.0,0.0,44000.0,0.0,1155000.0,12,96250.0,0.0
131773,3167262,15110,37500.0,48,WIZ,NUEVO,2026-02-28,48,ARCO NORTE,Zona 29,131773,NUEVO,28-02-2026_15.xls,2026-02-28,15,9,2026,48.0,0.0,60000.0,0.0,1200000.0,1,60000.0,0.0
48095,3167272,15105,96850.0,133,UKD,RECOMPRA,2026-02-28,133,SUR PONIENTE,Zona 01,13399347,RECOMPRA,28-02-2026_15.xls,2026-02-28,15,9,2026,133.0,0.0,44000.0,0.0,628000.0,10,62800.0,0.0
41251,3167326,15105,72895.0,41,OOJ,RECOMPRA,2026-02-28,41,ARCO NORTE,Zona 25,4194560,RECOMPRA,28-02-2026_15.xls,2026-02-28,15,9,2026,41.0,0.0,15000.0,0.0,470000.0,2,235000.0,0.0
82427,3167335,15105,10350.0,565,YKA,RECOMPRA,2026-02-28,565,ARCO NORTE,Zona 32,56599721,RECOMPRA,28-02-2026_15.xls,2026-02-28,15,9,2026,565.0,0.0,60000.0,0.0,300000.0,6,50000.0,0.0
104822,3167382,15105,29350.0,49,QVR,RECOMPRA,2026-02-28,49,ARCO NORTE,Zona 27,4494974,RECOMPRA,28-02-2026_15.xls,2026-02-28,15,9,2026,49.0,0.0,30000.0,0.0,960000.0,6,160000.0,0.0
47460,3167435,15105,24350.0,345,UIQ,RECOMPRA,2026-02-28,345,SUR PONIENTE,Zona 03,34595420,RECOMPRA,28-02-2026_15.xls,2026-02-28,15,9,2026,345.0,0.0,44000.0,0.0,1155000.0,12,96250.0,0.0
103821,3167482,15105,15350.0,565,ZGB,RECOMPRA,2026-02-28,565,ARCO NORTE,Zona 32,56593866,RECOMPRA,28-02-2026_15.xls,2026-02-28,15,9,2026,565.0,0.0,60000.0,0.0,300000.0,6,50000.0,0.0
32374,3167566,15105,15350.0,622,BSD,RECOMPRA,2026-02-28,622,ARCO NORTE,Zona 33,62296315,RECOMPRA,28-02-2026_15.xls,2026-02-28,15,9,2026,622.0,0.0,45000.0,0.0,280000.0,3,93333.33333333333,0.0
131778,3167571,15105,7350.0,344,VUL,NUEVO,2026-02-28,344,SUR PONIENTE,Zona 07,131778,NUEVO,28-02-2026_15.xls,2026-02-28,15,9,2026,344.0,0.0,44000.0,0.0,712000.0,1,44000.0,0.0
50020,3167582,15105,50580.0,45,XCA,RECOMPRA,2026-02-28,45,ARCO NORTE,Zona 34,4594879,RECOMPRA,28-02-2026_15.xls,2026-02-28,15,9,2026,45.0,0.0,60000.0,0.0,670000.0,9,74444.44444444444,0.0
101309,3167657,15105,41350.0,981,YWU,RECOMPRA,2026-02-28,981,ARCO NORTE,Zona 34,4595797,RECOMPRA,28-02-2026_15.xls,2026-02-28,15,9,2026,981.0,0.0,60000.0,0.0,590000.0,5,118000.0,0.0
51483,3167671,15105,10350.0,45,WZI,RECOMPRA,2026-02-28,45,ARCO NORTE,Zona 34,4599452,RECOMPRA,28-02-2026_15.xls,2026-02-28,15,9,2026,45.0,0.0,60000.0,0.0,670000.0,9,74444.44444444444,0.0
39934,3167702,15105,101350.0,22,ABH,RECOMPRA,2026-02-28,22,ARCO NORTE,Zona 27,2197148,RECOMPRA,28-02-2026_15.xls,2026-02-28,15,9,2026,22.0,0.0,60000.0,0.0,1140000.0,7,162857.14285714287,0.0
69442,3167735,15105,129350.0,561,XGJ,RECOMPRA,2026-02-28,562,ARCO NORTE,Zona 35,56296207,RECOMPRA,28-02-2026_15.xls,2026-02-28,15,9,2026,561.0,0.0,45000.0,0.0,650000.0,2,325000.0,0.0
122463,3167793,15105,26350.0,623,WZN,RECOMPRA,2026-02-28,623,ARCO NORTE,Zona 28,195235,RECOMPRA,28-02-2026_15.xls,2026-02-28,15,9,2026,623.0,0.0,30000.0,0.0,280000.0,5,56000.0,0.0
61243,3167808,15105,60350.0,346,UYE,RECOMPRA,2026-02-28,346,ARCO NORTE,Zona 31,34696322,RECOMPRA,28-02-2026_15.xls,2026-02-28,15,9,2026,346.0,0.0,60000.0,0.0,430000.0,4,107500.0,0.0
83480,3167859,15105,135350.0,48,YNL,RECOMPRA,2026-02-28,48,ARCO NORTE,Zona 29,4894591,RECOMPRA,28-02-2026_15.xls,2026-02-28,15,9,2026,48.0,0.0,60000.0,0.0,1200000.0,3,400000.0,0.0
98053,3167882,15105,49850.0,123,KUM,RECOMPRA,2026-02-28,123,ARCO NORTE,Zona 36,196867,RECOMPRA,28-02-2026_15.xls,2026-02-28,15,9,2026,123.0,0.0,45000.0,0.0,400000.0,6,66666.66666666667,0.0
72691,3167891,15105,12600.0,347,IZD,RECOMPRA,2026-02-28,347,ARCO NORTE,Zona 36,34795547,RECOMPRA,28-02-2026_15.xls,2026-02-28,15,9,2026,347.0,0.0,45000.0,0.0,550000.0,2,275000.0,0.0
93393,3166622,15105,34000.0,211,USB,RECOMPRA,2026-02-28,211,ARCO NORTE,Zona 31,21193309,RECOMPRA,28-02-2026_18.xls,2026-02-28,18,9,2026,211.0,0.0,60000.0,0.0,530000.0,10,53000.0,0.0
131757,3166634,15105,5350.0,561,YZO,NUEVO,2026-02-28,561,ARCO NORTE,Zona 35,131757,NUEVO,28-02-2026_18.xls,2026-02-28,18,9,2026,561.0,0.0,45000.0,0.0,650000.0,3,15000.0,0.0
131758,3166658,15105,5350.0,49,QVR,NUEVO,2026-02-28,49,ARCO NORTE,Zona 27,131758,NUEVO,28-02-2026_18.xls,2026-02-28,18,9,2026,49.0,0.0,30000.0,0.0,960000.0,1,30000.0,0.0
107666,3166661,15105,23600.0,41,OOJ,RECOMPRA,2026-02-28,41,ARCO NORTE,Zona 25,196262,RECOMPRA,28-02-2026_18.xls,2026-02-28,18,9,2026,41.0,0.0,15000.0,0.0,470000.0,3,156666.66666666666,0.0
109239,3166672,15105,31744.0,342,HEE,RECOMPRA,2026-02-28,342,SUR PONIENTE,Zona 03,34296209,RECOMPRA,28-02-2026_18.xls,2026-02-28,18,9,2026,342.0,0.0,44000.0,0.0,971000.0,19,51105.26315789474,0.0
84863,3166690,15105,30350.0,565,YKA,RECOMPRA,2026-02-28,565,ARCO NORTE,Zona 32,56594037,RECOMPRA,28-02-2026_18.xls,2026-02-28,18,9,2026,565.0,0.0,60000.0,0.0,300000.0,6,50000.0,0.0
87395,3166708,15105,10350.0,211,WST,RECOMPRA,2026-02-28,211,ARCO NORTE,Zona 31,21199974,RECOMPRA,28-02-2026_18.xls,2026-02-28,18,9,2026,211.0,0.0,60000.0,0.0,530000.0,10,53000.0,0.0
57053,3166721,15105,45500.0,345,UIQ,RECOMPRA,2026-02-28,345,SUR PONIENTE,Zona 03,34596470,RECOMPRA,28-02-2026_18.xls,2026-02-28,18,9,2026,345.0,0.0,44000.0,0.0,1155000.0,13,88846.15384615384,0.0
131762,3166743,15105,6350.0,563,SID,NUEVO,2026-02-28,563,ARCO NORTE,Zona 38,131762,NUEVO,28-02-2026_18.xls,2026-02-28,18,9,2026,563.0,0.0,60000.0,0.0,400000.0,2,30000.0,0.0
70553,3166756,15105,30744.0,626,NDF,RECOMPRA,2026-02-28,626,SUR PONIENTE,Zona 12,62697105,RECOMPRA,28-02-2026_18.xls,2026-02-28,18,9,2026,626.0,0.0,44000.0,0.0,291000.0,4,72750.0,0.0
75807,3166767,15105,23350.0,45,WZI,RECOMPRA,2026-02-28,45,ARCO NORTE,Zona 34,4595477,RECOMPRA,28-02-2026_18.xls,2026-02-28,18,9,2026,45.0,0.0,60000.0,0.0,670000.0,17,39411.76470588235,0.0
75737,3166792,15105,19350.0,981,YDH,RECOMPRA,2026-02-28,981,ARCO NORTE,Zona 34,98197551,RECOMPRA,28-02-2026_18.xls,2026-02-28,18,9,2026,981.0,0.0,60000.0,0.0,590000.0,10,59000.0,0.0
121380,3166805,15105,30350.0,625,GKD,RECOMPRA,2026-02-28,625,ARCO NORTE,Zona 39,62595950,RECOMPRA,28-02-2026_18.xls,2026-02-28,18,9,2026,625.0,0.0,30000.0,0.0,240000.0,3,80000.0,0.0
131764,3166811,15105,32500.0,131,PPW,NUEVO,2026-02-28,131,SUR PONIENTE,Zona 01,131764,NUEVO,28-02-2026_18.xls,2026-02-28,18,9,2026,131.0,0.0,44000.0,0.0,322000.0,3,14666.666666666666,0.0
52636,3166839,15105,90350.0,32,YVH,RECOMPRA,2026-02-28,32,SUR PONIENTE,Zona 08,3191707,RECOMPRA,28-02-2026_18.xls,2026-02-28,18,9,2026,32.0,0.0,44000.0,0.0,601000.0,12,50083.333333333336,0.0
92211,3166859,15105,20350.0,56,HHW,RECOMPRA,2026-02-28,56,SUR PONIENTE,Zona 11,5693256,RECOMPRA,28-02-2026_18.xls,2026-02-28,18,9,2026,56.0,0.0,44000.0,0.0,294000.0,6,49000.0,0.0
124484,3166890,15105,30832.0,565,YKA,RECOMPRA,2026-02-28,565,ARCO NORTE,Zona 32,56593769,RECOMPRA,28-02-2026_18.xls,2026-02-28,18,9,2026,565.0,0.0,60000.0,0.0,300000.0,6,50000.0,0.0
81477,3166907,15105,33350.0,344,WDQ,RECOMPRA,2026-02-28,344,SUR PONIENTE,Zona 07,34497830,RECOMPRA,28-02-2026_18.xls,2026-02-28,18,9,2026,344.0,0.0,44000.0,0.0,712000.0,29,24551.724137931036,0.0
131765,3166919,15110,26000.0,313,YXF,NUEVO,2026-02-28,313,SUR PONIENTE,Zona 10,131765,NUEVO,28-02-2026_18.xls,2026-02-28,18,9,2026,313.0,0.0,44000.0,0.0,429000.0,3,14666.666666666666,0.0
106567,3166922,15105,5351.0,133,DZP,RECOMPRA,2026-02-28,133,SUR PONIENTE,Zona 01,13299642,NUEVO,28-02-2026_18.xls,2026-02-28,18,9,2026,133.0,0.0,44000.0,0.0,628000.0,3,14666.666666666666,0.0
94215,3166941,15105,43350.0,628,ZFA,RECOMPRA,2026-02-28,628,ARCO NORTE,Zona 30,62898323,RECOMPRA,28-02-2026_18.xls,2026-02-28,18,9,2026,628.0,0.0,30000.0,0.0,590000.0,6,98333.33333333333,0.0
98633,3166961,15105,20350.0,344,WDQ,RECOMPRA,2026-02-28,344,SUR PONIENTE,Zona 07,34497542,RECOMPRA,28-02-2026_18.xls,2026-02-28,18,9,2026,344.0,0.0,44000.0,0.0,712000.0,29,24551.724137931036,0.0
131766,3166972,15110,50000.0,122,THT,NUEVO,2026-02-28,122,SUR PONIENTE,Zona 09,131766,NUEVO,28-02-2026_18.xls,2026-02-28,18,9,2026,122.0,0.0,44000.0,0.0,445000.0,2,22000.0,0.0
129367,3167012,15105,14300.0,211,ZDI,RECOMPRA,2026-02-28,211,ARCO NORTE,Zona 31,21193169,RECOMPRA,28-02-2026_18.xls,2026-02-28,18,9,2026,211.0,0.0,60000.0,0.0,530000.0,10,53000.0,0.0
95060,3167040,15105,13350.0,45,WZI,RECOMPRA,2026-02-28,45,ARCO NORTE,Zona 34,4595116,RECOMPRA,28-02-2026_18.xls,2026-02-28,18,9,2026,45.0,0.0,60000.0,0.0,670000.0,17,39411.76470588235,0.0
126451,3167081,15110,17350.0,53,YTB,RECOMPRA,2026-02-28,53,SUR PONIENTE,Zona 05,5896457,RECOMPRA,28-02-2026_18.xls,2026-02-28,18,9,2026,53.0,0.0,44000.0,0.0,436000.0,6,72666.66666666667,0.0
131769,3167117,15105,6350.0,642,RNX,NUEVO,2026-02-28,642,ARCO NORTE,Zona 40,131769,NUEVO,28-02-2026_18.xls,2026-02-28,18,9,2026,642.0,0.0,60000.0,0.0,350000.0,7,8571.42857142857,0.0
100949,3167153,15105,11744.0,342,HEE,RECOMPRA,2026-02-28,342,SUR PONIENTE,Zona 03,34293184,NUEVO,28-02-2026_18.xls,2026-02-28,18,9,2026,342.0,0.0,44000.0,0.0,971000.0,3,14666.666666666666,0.0
52306,3167240,15105,33650.0,345,UIQ,RECOMPRA,2026-02-28,345,SUR PONIENTE,Zona 03,34597391,RECOMPRA,28-02-2026_18.xls,2026-02-28,18,9,2026,345.0,0.0,44000.0,0.0,1155000.0,13,88846.15384615384,0.0
131773,3167262,15110,37500.0,48,WIZ,NUEVO,2026-02-28,48,ARCO NORTE,Zona 29,131773,NUEVO,28-02-2026_18.xls,2026-02-28,18,9,2026,48.0,0.0,60000.0,0.0,1200000.0,1,60000.0,0.0
48095,3167272,15105,96850.0,133,UKD,RECOMPRA,2026-02-28,133,SUR PONIENTE,Zona 01,13399347,RECOMPRA,28-02-2026_18.xls,2026-02-28,18,9,2026,133.0,0.0,44000.0,0.0,628000.0,18,34888.88888888889,0.0
41251,3167326,15105,72895.0,41,OOJ,RECOMPRA,2026-02-28,41,ARCO NORTE,Zona 25,4194560,RECOMPRA,28-02-2026_18.xls,2026-02-28,18,9,2026,41.0,0.0,15000.0,0.0,470000.0,3,156666.66666666666,0.0
82427,3167335,15105,10350.0,565,YKA,RECOMPRA,2026-02-28,565,ARCO NORTE,Zona 32,56599721,RECOMPRA,28-02-2026_18.xls,2026-02-28,18,9,2026,565.0,0.0,60000.0,0.0,300000.0,6,50000.0,0.0
104822,3167382,15105,29350.0,49,QVR,RECOMPRA,2026-02-28,49,ARCO NORTE,Zona 27,4494974,RECOMPRA,28-02-2026_18.xls,2026-02-28,18,9,2026,49.0,0.0,30000.0,0.0,960000.0,14,68571.42857142857,0.0
47460,3167435,15105,24350.0,345,UIQ,RECOMPRA,2026-02-28,345,SUR PONIENTE,Zona 03,34595420,RECOMPRA,28-02-2026_18.xls,2026-02-28,18,9,2026,345.0,0.0,44000.0,0.0,1155000.0,13,88846.15384615384,0.0
103821,3167482,15105,15350.0,565,ZGB,RECOMPRA,2026-02-28,565,ARCO NORTE,Zona 32,56593866,RECOMPRA,28-02-2026_18.xls,2026-02-28,18,9,2026,565.0,0.0,60000.0,0.0,300000.0,6,50000.0,0.0
32374,3167566,15105,15350.0,622,BSD,RECOMPRA,2026-02-28,622,ARCO NORTE,Zona 33,62296315,RECOMPRA,28-02-2026_18.xls,2026-02-28,18,9,2026,622.0,0.0,45000.0,0.0,280000.0,7,40000.0,0.0
131778,3167571,15105,7350.0,344,VUL,NUEVO,2026-02-28,344,SUR PONIENTE,Zona 07,131778,NUEVO,28-02-2026_18.xls,2026-02-28,18,9,2026,344.0,0.0,44000.0,0.0,712000.0,2,22000.0,0.0
50020,3167582,15105,50580.0,45,XCA,RECOMPRA,2026-02-28,45,ARCO NORTE,Zona 34,4594879,RECOMPRA,28-02-2026_18.xls,2026-02-28,18,9,2026,45.0,0.0,60000.0,0.0,670000.0,17,39411.76470588235,0.0
101309,3167657,15105,41350.0,981,YWU,RECOMPRA,2026-02-28,981,ARCO NORTE,Zona 34,4595797,RECOMPRA,28-02-2026_18.xls,2026-02-28,18,9,2026,981.0,0.0,60000.0,0.0,590000.0,10,59000.0,0.0
51483,3167671,15105,10350.0,45,WZI,RECOMPRA,2026-02-28,45,ARCO NORTE,Zona 34,4599452,RECOMPRA,28-02-2026_18.xls,2026-02-28,18,9,2026,45.0,0.0,60000.0,0.0,670000.0,17,39411.76470588235,0.0
39934,3167702,15105,101350.0,22,ABH,RECOMPRA,2026-02-28,22,ARCO NORTE,Zona 27,2197148,RECOMPRA,28-02-2026_18.xls,2026-02-28,18,9,2026,22.0,0.0,60000.0,0.0,1140000.0,11,103636.36363636363,0.0
69442,3167735,15105,129350.0,561,XGJ,RECOMPRA,2026-02-28,562,ARCO NORTE,Zona 35,56296207,RECOMPRA,28-02-2026_18.xls,2026-02-28,18,9,2026,561.0,0.0,45000.0,0.0,650000.0,5,130000.0,0.0
122463,3167793,15105,26350.0,623,WZN,RECOMPRA,2026-02-28,623,ARCO NORTE,Zona 28,195235,RECOMPRA,28-02-2026_18.xls,2026-02-28,18,9,2026,623.0,0.0,30000.0,0.0,280000.0,12,23333.333333333332,0.0
61243,3167808,15105,60350.0,346,UYE,RECOMPRA,2026-02-28,346,ARCO NORTE,Zona 31,34696322,RECOMPRA,28-02-2026_18.xls,2026-02-28,18,9,2026,346.0,0.0,60000.0,0.0,430000.0,5,86000.0,0.0
83480,3167859,15105,135350.0,48,YNL,RECOMPRA,2026-02-28,48,ARCO NORTE,Zona 29,4894591,RECOMPRA,28-02-2026_18.xls,2026-02-28,18,9,2026,48.0,0.0,60000.0,0.0,1200000.0,6,200000.0,0.0
98053,3167882,15105,49850.0,123,KUM,RECOMPRA,2026-02-28,123,ARCO NORTE,Zona 36,196867,RECOMPRA,28-02-2026_18.xls,2026-02-28,18,9,2026,123.0,0.0,45000.0,0.0,400000.0,6,66666.66666666667,0.0
72691,3167891,15105,12600.0,347,IZD,RECOMPRA,2026-02-28,347,ARCO NORTE,Zona 36,34795547,RECOMPRA,28-02-2026_18.xls,2026-02-28,18,9,2026,347.0,0.0,45000.0,0.0,550000.0,6,91666.66666666667,0.0
48118,3167959,15105,13800.0,49,QVR,RECOMPRA,2026-02-28,49,ARCO NORTE,Zona 27,4794662,RECOMPRA,28-02-2026_18.xls,2026-02-28,18,9,2026,49.0,0.0,30000.0,0.0,960000.0,14,68571.42857142857,0.0
46182,3167969,15105,40850.0,215,VZY,RECOMPRA,2026-02-28,215,SUR PONIENTE,Zona 02,21596838,RECOMPRA,28-02-2026_18.xls,2026-02-28,18,9,2026,215.0,0.0,44000.0,0.0,504000.0,7,72000.0,0.0
131785,3167977,15105,5350.0,566,VFZ,RECOMPRA,2026-02-28,566,ARCO NORTE,Zona 32,131785,RECOMPRA,28-02-2026_18.xls,2026-02-28,18,9,2026,566.0,0.0,90000.0,0.0,380000.0,12,31666.666666666668,0.0
119014,3167989,15105,35744.0,14,GQG,RECOMPRA,2026-02-28,14,SUR PONIENTE,Zona 02,80799972,RECOMPRA,28-02-2026_18.xls,2026-02-28,18,9,2026,14.0,0.0,44000.0,0.0,637000.0,6,106166.66666666667,0.0
41530,3167999,15105,50350.0,85,CLD,RECOMPRA,2026-02-28,85,SUR PONIENTE,Zona 09,8798305,RECOMPRA,28-02-2026_18.xls,2026-02-28,18,9,2026,85.0,0.0,44000.0,0.0,844000.0,13,64923.07692307692,0.0
54275,3168007,15105,19319.0,629,ZGB,RECOMPRA,2026-02-28,629,ARCO NORTE,Zona 39,62996643,RECOMPRA,28-02-2026_18.xls,2026-02-28,18,9,2026,629.0,0.0,60000.0,0.0,520000.0,1,520000.0,0.0
104587,3168021,15105,38350.0,46,YNL,RECOMPRA,2026-02-28,48,ARCO NORTE,Zona 29,4694260,RECOMPRA,28-02-2026_18.xls,2026-02-28,18,9,2026,,,,,,1,,
126893,3168034,15110,30000.0,85,CLD,RECOMPRA,2026-02-28,85,SUR PONIENTE,Zona 09,8595260,RECOMPRA,28-02-2026_18.xls,2026-02-28,18,9,2026,85.0,0.0,44000.0,0.0,844000.0,13,64923.07692307692,0.0
42405,3168041,15105,46350.0,563,YYV,RECOMPRA,2026-02-28,563,ARCO NORTE,Zona 38,56396060,RECOMPRA,28-02-2026_18.xls,2026-02-28,18,9,2026,563.0,0.0,60000.0,0.0,400000.0,8,50000.0,0.0
91164,3168056,15105,12700.0,1,EFU,RECOMPRA,2026-02-28,621,ARCO NORTE,Zona 28,62197611,RECOMPRA,28-02-2026_18.xls,2026-02-28,18,9,2026,,,,,,14,,
101587,3168081,15105,350000.0,621,EFU,RECOMPRA,2026-02-28,621,ARCO NORTE,Zona 28,62196105,RECOMPRA,28-02-2026_18.xls,2026-02-28,18,9,2026,621.0,0.0,45000.0,0.0,470000.0,4,117500.0,0.0
